Date,Monday,Tuesday,Wednesday,Thursday,Friday,Saturday,Sunday,January,February,March,April,May,June,July,August,September,October,November,December,2013,2014,2015,Calamari,Fish,Shrimp,Chicken,Koefte,Lamb,Steak,Total Fish Production,Total Meat Production,Total,Wind,Cloudiness,Precipitation,Sun,Air Temperature,Is Holiday,Weekend,Is Weekday
2013-10-04,0,0,0,0,1,0,0,0,0,0,0,0,0,0,0,0,1,0,0,1,0,0,6,6,12,40,23,50,36,24,149,173,1.916666667,7.666666667,0.1,150,15.85833333,0,0,1
2013-10-05,0,0,0,0,0,1,0,0,0,0,0,0,0,0,0,0,1,0,0,1,0,0,8,8,5,44,36,37,30,21,147,168,2.738461538,6.923076923,10.7,0,13.19230769,0,1,0
2013-10-06,0,0,0,0,0,0,1,0,0,0,0,0,0,0,0,0,1,0,0,1,0,0,6,5,11,19,12,22,16,22,69,91,1.364285714,8.0,0.4,0,10.57142857,0,1,0
2013-10-07,1,0,0,0,0,0,0,0,0,0,0,0,0,0,0,0,1,0,0,1,0,0,4,4,2,28,13,28,22,10,91,101,2.316666667,6.416666667,0.0,176,13.33333333,0,0,1
2013-10-08,0,1,0,0,0,0,0,0,0,0,0,0,0,0,0,0,1,0,0,1,0,0,7,4,9,22,18,29,29,20,98,118,1.658333333,8.0,0.0,0,13.54166667,0,0,1
2013-10-09,0,0,1,0,0,0,0,0,0,0,0,0,0,0,0,0,1,0,0,1,0,0,7,4,11,33,23,23,37,22,116,138,2.083333333,7.666666667,0.0,17,14.025,0,0,1
2013-10-10,0,0,0,1,0,0,0,0,0,0,0,0,0,0,0,0,1,0,0,1,0,0,3,7,3,39,27,31,22,13,119,132,2.983333333,6.75,4.3,0,7.058333333,0,0,1
2013-10-11,0,0,0,0,1,0,0,0,0,0,0,0,0,0,0,0,1,0,0,1,0,0,5,3,10,35,18,38,37,18,128,146,1.641666667,5.583333333,1.3,70,7.225,0,0,1
2013-10-12,0,0,0,0,0,1,0,0,0,0,0,0,0,0,0,0,1,0,0,1,0,0,5,13,10,71,46,45,35,28,197,225,1.461538462,7.153846154,0.3,85,4.992307692,0,1,0
2013-10-13,0,0,0,0,0,0,1,0,0,0,0,0,0,0,0,0,1,0,0,1,0,0,1,0,7,32,12,29,18,8,91,99,2.057142857,4.285714286,0.0,244,9.357142857,0,1,0
2013-10-14,1,0,0,0,0,0,0,0,0,0,0,0,0,0,0,0,1,0,0,1,0,0,2,3,5,20,18,26,19,10,83,93,3.008333333,7.666666667,0.8,68,13.425,0,0,1
2013-10-15,0,1,0,0,0,0,0,0,0,0,0,0,0,0,0,0,1,0,0,1,0,0,2,4,8,17,13,17,17,14,64,78,2.541666667,5.416666667,22.1,0,10.55833333,0,0,1
2013-10-16,0,0,1,0,0,0,0,0,0,0,0,0,0,0,0,0,1,0,0,1,0,0,8,2,7,37,21,31,30,17,119,136,2.608333333,7.083333333,0.0,86,10.89166667,0,0,1
2013-10-17,0,0,0,1,0,0,0,0,0,0,0,0,0,0,0,0,1,0,0,1,0,0,6,5,9,45,31,44,27,20,147,167,4.408333333,6.0,0.0,216,14.4,0,0,1
2013-10-18,0,0,0,0,1,0,0,0,0,0,0,0,0,0,0,0,1,0,0,1,0,0,7,12,12,47,32,52,40,31,171,202,1.725,2.916666667,0.0,252,13.35833333,0,0,1
2013-10-19,0,0,0,0,0,1,0,0,0,0,0,0,0,0,0,0,1,0,0,1,0,0,10,5,11,49,32,45,54,26,180,206,3.607692308,3.461538462,0.0,474,17.81538462,0,1,0
2013-10-20,0,0,0,0,0,0,1,0,0,0,0,0,0,0,0,0,1,0,0,1,0,0,6,2,5,24,9,22,18,13,73,86,2.214285714,6.214285714,4.9,6,14.92857143,0,1,0
2013-10-21,1,0,0,0,0,0,0,0,0,0,0,0,0,0,0,0,1,0,0,1,0,0,5,4,6,31,18,28,22,15,99,114,2.091666667,6.916666667,0.0,89,16.775,0,0,1
2013-10-22,0,1,0,0,0,0,0,0,0,0,0,0,0,0,0,0,1,0,0,1,0,0,3,11,14,40,15,57,39,28,151,179,3.283333333,3.833333333,0.0,221,19.35,0,0,1
2013-10-23,0,0,1,0,0,0,0,0,0,0,0,0,0,0,0,0,1,0,0,1,0,0,5,9,14,40,24,25,28,28,117,145,3.291666667,7.583333333,1.3,0,15.60833333,0,0,1
2013-10-24,0,0,0,1,0,0,0,0,0,0,0,0,0,0,0,0,1,0,0,1,0,0,6,6,11,35,23,41,41,23,140,163,1.941666667,1.083333333,0.0,381,16.175,0,0,1
2013-10-25,0,0,0,0,1,0,0,0,0,0,0,0,0,0,0,0,1,0,0,1,0,0,5,5,15,44,22,44,50,25,160,185,2.891666667,5.416666667,0.0,121,16.54166667,0,0,1
2013-10-26,0,0,0,0,0,1,0,0,0,0,0,0,0,0,0,0,1,0,0,1,0,0,4,8,16,38,26,39,50,28,153,181,2.807692308,3.923076923,0.0,352,19.94615385,0,1,0
2013-10-27,0,0,0,0,0,0,1,0,0,0,0,0,0,0,0,0,1,0,0,1,0,0,8,5,10,30,17,28,31,23,106,129,5.542857143,5.785714286,4.8,326,15.71428571,0,1,0
2013-10-28,1,0,0,0,0,0,0,0,0,0,0,0,0,0,0,0,1,0,0,1,0,0,5,7,2,25,19,29,28,14,101,115,5.533333333,7.0,0.0,132,18.75833333,0,0,1
2013-10-29,0,1,0,0,0,0,0,0,0,0,0,0,0,0,0,0,1,0,0,1,0,0,5,6,15,31,25,23,28,26,107,133,3.308333333,3.916666667,0.0,232,12.20833333,0,0,1
2013-10-30,0,0,1,0,0,0,0,0,0,0,0,0,0,0,0,0,1,0,0,1,0,0,4,10,9,33,21,34,50,23,138,161,2.016666667,1.5,0.0,333,9.525,0,0,1
2013-10-31,0,0,0,1,0,0,0,0,0,0,0,0,0,0,0,0,1,0,0,1,0,0,4,7,16,44,18,50,40,27,152,179,1.491666667,0.0,0.0,411,9.741666667,0,0,1
2013-11-01,0,0,0,0,1,0,0,0,0,0,0,0,0,0,0,0,0,1,0,1,0,0,0,3,2,1,2,0,4,5,7,12,2.583333333,7.666666667,0.0,0,8.525,1,0,0
2013-11-02,0,0,0,0,0,1,0,0,0,0,0,0,0,0,0,0,0,1,0,1,0,0,25,14,23,78,71,63,59,62,271,333,4.369230769,7.076923077,0.0,60,15.13076923,0,1,0
2013-11-03,0,0,0,0,0,0,1,0,0,0,0,0,0,0,0,0,0,1,0,1,0,0,3,4,6,32,19,40,26,13,117,130,4.835714286,3.0,0.0,258,8.971428571,0,1,0
2013-11-04,1,0,0,0,0,0,0,0,0,0,0,0,0,0,0,0,0,1,0,1,0,0,0,3,7,24,21,22,24,10,91,101,5.133333333,7.583333333,0.1,19,11.425,0,0,1
2013-11-05,0,1,0,0,0,0,0,0,0,0,0,0,0,0,0,0,0,1,0,1,0,0,2,7,8,39,21,31,17,17,108,125,3.533333333,4.416666667,0.3,314,8.233333333,0,0,1
2013-11-06,0,0,1,0,0,0,0,0,0,0,0,0,0,0,0,0,0,1,0,1,0,0,7,7,12,38,21,27,24,26,110,136,2.833333333,7.75,1.1,0,11.64166667,0,0,1
2013-11-07,0,0,0,1,0,0,0,0,0,0,0,0,0,0,0,0,0,1,0,1,0,0,5,5,8,38,24,36,43,18,141,159,3.975,6.833333333,0.0,82,15.41666667,0,0,1
2013-11-08,0,0,0,0,1,0,0,0,0,0,0,0,0,0,0,0,0,1,0,1,0,0,7,3,16,43,21,37,23,26,124,150,2.225,7.916666667,3.8,0,13.275,0,0,1
2013-11-09,0,0,0,0,0,1,0,0,0,0,0,0,0,0,0,0,0,1,0,1,0,0,8,12,27,67,35,70,59,47,231,278,3.692307692,3.230769231,0.0,151,8.623076923,0,1,0
2013-11-10,0,0,0,0,0,0,1,0,0,0,0,0,0,0,0,0,0,1,0,1,0,0,6,4,13,22,13,13,24,23,72,95,3.878571429,7.714285714,16.2,0,4.792857143,0,1,0
2013-11-11,1,0,0,0,0,0,0,0,0,0,0,0,0,0,0,0,0,1,0,1,0,0,3,10,4,22,15,30,19,17,86,103,1.491666667,5.25,0.0,19,5.308333333,0,0,1
2013-11-12,0,1,0,0,0,0,0,0,0,0,0,0,0,0,0,0,0,1,0,1,0,0,2,5,10,29,18,29,30,17,106,123,2.316666667,2.75,0.0,244,4.0,0,0,1
2013-11-13,0,0,1,0,0,0,0,0,0,0,0,0,0,0,0,0,0,1,0,1,0,0,4,7,10,36,22,20,27,21,105,126,1.375,8.0,0.0,0,4.866666667,0,0,1
2013-11-14,0,0,0,1,0,0,0,0,0,0,0,0,0,0,0,0,0,1,0,1,0,0,3,4,5,29,20,41,26,12,116,128,2.666666667,7.75,0.4,0,4.475,0,0,1
2013-11-15,0,0,0,0,1,0,0,0,0,0,0,0,0,0,0,0,0,1,0,1,0,0,7,7,19,36,22,48,36,33,142,175,3.758333333,7.666666667,0.0,0,4.191666667,0,0,1
2013-11-16,0,0,0,0,0,1,0,0,0,0,0,0,0,0,0,0,0,1,0,1,0,0,4,10,13,57,43,57,44,27,201,228,2.861538462,8.0,0.0,0,5.423076923,0,1,0
2013-11-17,0,0,0,0,0,0,1,0,0,0,0,0,0,0,0,0,0,1,0,1,0,0,1,1,12,24,22,16,22,14,84,98,1.9,8.0,0.0,0,5.907142857,0,1,0
2013-11-18,1,0,0,0,0,0,0,0,0,0,0,0,0,0,0,0,0,1,0,1,0,0,4,5,7,30,30,26,18,16,104,120,1.225,0.083333333,0.0,367,7.1,0,0,1
2013-11-19,0,1,0,0,0,0,0,0,0,0,0,0,0,0,0,0,0,1,0,1,0,0,4,6,10,25,21,22,21,20,89,109,2.541666667,7.75,3.9,0,3.191666667,0,0,1
2013-11-20,0,0,1,0,0,0,0,0,0,0,0,0,0,0,0,0,0,1,0,1,0,0,5,3,16,33,21,24,18,24,96,120,2.8,7.916666667,1.8,0,3.725,0,0,1
2013-11-21,0,0,0,1,0,0,0,0,0,0,0,0,0,0,0,0,0,1,0,1,0,0,7,5,15,52,20,31,33,27,136,163,2.2,8.0,0.0,0,3.316666667,0,0,1
2013-11-22,0,0,0,0,1,0,0,0,0,0,0,0,0,0,0,0,0,1,0,1,0,0,4,6,14,42,25,36,27,24,130,154,2.75,8.0,1.6,0,4.025,0,0,1
2013-11-23,0,0,0,0,0,1,0,0,0,0,0,0,0,0,0,0,0,1,0,1,0,0,6,9,14,54,44,48,48,29,194,223,3.892307692,8.0,0.0,0,5.292307692,0,1,0
2013-11-24,0,0,0,0,0,0,1,0,0,0,0,0,0,0,0,0,0,1,0,1,0,0,4,7,8,37,21,24,29,19,111,130,3.871428571,8.0,0.1,7,4.7,0,1,0
2013-11-25,1,0,0,0,0,0,0,0,0,0,0,0,0,0,0,0,0,1,0,1,0,0,4,8,6,27,22,21,26,18,96,114,2.441666667,3.583333333,0.7,314,1.225,0,0,1
2013-11-26,0,1,0,0,0,0,0,0,0,0,0,0,0,0,0,0,0,1,0,1,0,0,4,5,5,38,32,33,19,14,122,136,3.05,5.5,0.0,125,-0.283333333,0,0,1
2013-11-27,0,0,1,0,0,0,0,0,0,0,0,0,0,0,0,0,0,1,0,1,0,0,1,5,11,30,18,33,30,17,111,128,1.525,1.916666667,0.0,288,-1.858333333,0,0,1
2013-11-28,0,0,0,1,0,0,0,0,0,0,0,0,0,0,0,0,0,1,0,1,0,0,4,7,11,33,21,33,26,22,113,135,1.058333333,7.75,0.4,0,0.341666667,0,0,1
2013-11-29,0,0,0,0,1,0,0,0,0,0,0,0,0,0,0,0,0,1,0,1,0,0,5,11,9,35,31,34,27,25,127,152,3.358333333,7.916666667,0.0,0,4.416666667,0,0,1
2013-11-30,0,0,0,0,0,1,0,0,0,0,0,0,0,0,0,0,0,1,0,1,0,0,13,7,11,46,27,50,47,31,170,201,2.353846154,7.461538462,0.0,116,3.892307692,0,1,0
2013-12-01,0,0,0,0,0,0,1,0,0,0,0,0,0,0,0,0,0,0,1,1,0,0,1,3,7,19,8,16,15,11,58,69,1.385714286,7.285714286,0.0,50,3.471428571,0,1,0
2013-12-02,1,0,0,0,0,0,0,0,0,0,0,0,0,0,0,0,0,0,1,1,0,0,4,11,4,26,14,14,13,19,67,86,4.725,1.833333333,0.0,293,4.366666667,0,0,1
2013-12-03,0,1,0,0,0,0,0,0,0,0,0,0,0,0,0,0,0,0,1,1,0,0,3,5,15,23,21,28,30,23,102,125,1.808333333,0.416666667,0.0,348,0.558333333,0,0,1
2013-12-04,0,0,1,0,0,0,0,0,0,0,0,0,0,0,0,0,0,0,1,1,0,0,2,7,13,24,18,24,22,22,88,110,3.291666667,7.916666667,0.0,20,2.6,0,0,1
2013-12-05,0,0,0,1,0,0,0,0,0,0,0,0,0,0,0,0,0,0,1,1,0,0,7,4,9,35,11,25,24,20,95,115,4.808333333,6.416666667,0.0,173,6.55,0,0,1
2013-12-06,0,0,0,0,1,0,0,0,0,0,0,0,0,0,0,0,0,0,1,1,0,0,9,5,15,42,29,35,26,29,132,161,8.508333333,7.083333333,0.9,85,2.533333333,0,0,1
2013-12-07,0,0,0,0,0,1,0,0,0,0,0,0,0,0,0,0,0,0,1,1,0,0,11,11,28,57,48,50,55,50,210,260,3.530769231,7.846153846,0.7,0,3.9,0,1,0
2013-12-08,0,0,0,0,0,0,1,0,0,0,0,0,0,0,0,0,0,0,1,1,0,0,4,11,5,27,16,29,21,20,93,113,3.135714286,7.785714286,0.0,6,6.128571429,0,1,0
2013-12-09,1,0,0,0,0,0,0,0,0,0,0,0,0,0,0,0,0,0,1,1,0,0,3,3,8,21,14,31,24,14,90,104,2.391666667,2.333333333,0.0,246,7.2,0,0,1
2013-12-10,0,1,0,0,0,0,0,0,0,0,0,0,0,0,0,0,0,0,1,1,0,0,5,10,11,24,14,28,22,26,88,114,1.516666667,0.0,0.0,362,6.091666667,0,0,1
2013-12-11,0,0,1,0,0,0,0,0,0,0,0,0,0,0,0,0,0,0,1,1,0,0,4,10,12,29,13,35,20,26,97,123,1.683333333,1.916666667,0.0,358,3.741666667,0,0,1
2013-12-12,0,0,0,1,0,0,0,0,0,0,0,0,0,0,0,0,0,0,1,1,0,0,3,3,9,21,30,27,23,15,101,116,1.116666667,8.0,0.0,0,-0.666666667,0,0,1
2013-12-13,0,0,0,0,1,0,0,0,0,0,0,0,0,0,0,0,0,0,1,1,0,0,5,8,10,28,18,36,26,23,108,131,1.475,5.833333333,0.0,299,-0.141666667,0,0,1
2013-12-14,0,0,0,0,0,1,0,0,0,0,0,0,0,0,0,0,0,0,1,1,0,0,6,16,12,58,44,40,38,34,180,214,1.869230769,7.0,2.2,0,2.653846154,0,1,0
2013-12-15,0,0,0,0,0,0,1,0,0,0,0,0,0,0,0,0,0,0,1,1,0,0,4,0,6,10,11,18,13,10,52,62,2.407142857,4.642857143,0.0,143,3.771428571,0,1,0
2013-12-16,1,0,0,0,0,0,0,0,0,0,0,0,0,0,0,0,0,0,1,1,0,0,2,1,3,32,14,20,30,6,96,102,3.841666667,0.916666667,0.0,349,6.825,0,0,1
2013-12-17,0,1,0,0,0,0,0,0,0,0,0,0,0,0,0,0,0,0,1,1,0,0,4,5,9,31,24,28,33,18,116,134,2.625,0.166666667,0.0,377,5.95,0,0,1
2013-12-18,0,0,1,0,0,0,0,0,0,0,0,0,0,0,0,0,0,0,1,1,0,0,1,11,12,28,24,25,18,24,95,119,3.675,7.416666667,0.0,38,5.641666667,0,0,1
2013-12-19,0,0,0,1,0,0,0,0,0,0,0,0,0,0,0,0,0,0,1,1,0,0,7,3,15,43,11,34,30,25,118,143,3.625,7.333333333,0.2,0,8.808333333,0,0,1
2013-12-20,0,0,0,0,1,0,0,0,0,0,0,0,0,0,0,0,0,0,1,1,0,0,7,4,11,32,38,57,30,22,157,179,2.775,4.25,0.0,0,6.0,0,0,1
2013-12-21,0,0,0,0,0,1,0,0,0,0,0,0,0,0,0,0,0,0,1,1,0,0,3,7,12,42,25,29,37,22,133,155,3.515384615,5.615384615,0.0,192,3.369230769,0,1,0
2013-12-22,0,0,0,0,0,0,1,0,0,0,0,0,0,0,0,0,0,0,1,1,0,0,4,4,10,17,5,13,25,18,60,78,3.614285714,6.785714286,0.4,44,10.25714286,0,1,0
2013-12-23,1,0,0,0,0,0,0,0,0,0,0,0,0,0,0,0,0,0,1,1,0,0,6,6,11,42,42,46,53,23,183,206,3.166666667,3.5,0.0,258,9.691666667,0,0,1
2013-12-24,0,1,0,0,0,0,0,0,0,0,0,0,0,0,0,0,0,0,1,1,0,0,1,3,1,3,4,7,5,5,19,24,3.85,6.5,0.0,152,11.8,0,0,1
2013-12-26,0,0,0,1,0,0,0,0,0,0,0,0,0,0,0,0,0,0,1,1,0,0,4,0,3,12,2,16,18,7,48,55,4.7,7.75,8.1,0,4.966666667,1,0,0
2013-12-27,0,0,0,0,1,0,0,0,0,0,0,0,0,0,0,0,0,0,1,1,0,0,11,5,12,54,34,44,44,28,176,204,4.35,2.083333333,0.0,348,6.066666667,0,0,1
2013-12-28,0,0,0,0,0,1,0,0,0,0,0,0,0,0,0,0,0,0,1,1,0,0,7,5,17,52,31,40,40,29,163,192,3.169230769,5.307692308,4.5,0,7.169230769,0,1,0
2013-12-29,0,0,0,0,0,0,1,0,0,0,0,0,0,0,0,0,0,0,1,1,0,0,6,5,4,27,10,18,19,15,74,89,3.385714286,6.071428571,0.3,138,5.1,0,1,0
2013-12-30,1,0,0,0,0,0,0,0,0,0,0,0,0,0,0,0,0,0,1,1,0,0,8,7,16,62,38,48,42,31,190,221,3.383333333,0.833333333,0.0,378,2.9,0,0,1
2013-12-31,0,1,0,0,0,0,0,0,0,0,0,0,0,0,0,0,0,0,1,1,0,0,3,2,1,11,5,9,8,6,33,39,3.183333333,2.0,0.0,365,3.083333333,0,0,1
2014-01-01,0,0,1,0,0,0,0,1,0,0,0,0,0,0,0,0,0,0,0,0,1,0,0,4,1,21,13,13,10,5,57,62,4.625,4.5,0.0,265,6.0,1,0,0
2014-01-02,0,0,0,1,0,0,0,1,0,0,0,0,0,0,0,0,0,0,0,0,1,0,7,6,16,45,30,37,35,29,147,176,4.291666667,5.166666667,0.2,25,7.366666667,0,0,1
2014-01-03,0,0,0,0,1,0,0,1,0,0,0,0,0,0,0,0,0,0,0,0,1,0,8,9,11,46,33,46,35,28,160,188,3.841666667,6.75,0.3,26,8.425,0,0,1
2014-01-04,0,0,0,0,0,1,0,1,0,0,0,0,0,0,0,0,0,0,0,0,1,0,4,6,10,45,26,26,43,20,140,160,2.061538462,6.0,1.4,0,7.046153846,0,1,0
2014-01-05,0,0,0,0,0,0,1,1,0,0,0,0,0,0,0,0,0,0,0,0,1,0,2,5,7,26,27,34,20,14,107,121,3.057142857,4.857142857,0.0,68,5.221428571,0,1,0
2014-01-06,1,0,0,0,0,0,0,1,0,0,0,0,0,0,0,0,0,0,0,0,1,0,2,3,5,25,19,38,32,10,114,124,3.825,7.0,0.0,71,8.375,1,0,0
2014-01-07,0,1,0,0,0,0,0,1,0,0,0,0,0,0,0,0,0,0,0,0,1,0,8,2,7,31,19,16,19,17,85,102,2.683333333,6.416666667,0.0,99,11.89166667,0,0,1
2014-01-08,0,0,1,0,0,0,0,1,0,0,0,0,0,0,0,0,0,0,0,0,1,0,4,7,9,26,16,23,21,20,86,106,2.733333333,4.083333333,0.0,207,12.19166667,0,0,1
2014-01-09,0,0,0,1,0,0,0,1,0,0,0,0,0,0,0,0,0,0,0,0,1,0,5,4,7,31,21,34,27,16,113,129,4.75,6.833333333,1.7,150,13.06666667,0,0,1
2014-01-10,0,0,0,0,1,0,0,1,0,0,0,0,0,0,0,0,0,0,0,0,1,0,12,3,9,37,27,34,24,24,122,146,3.008333333,2.416666667,0.0,219,6.525,0,0,1
2014-01-11,0,0,0,0,0,1,0,1,0,0,0,0,0,0,0,0,0,0,0,0,1,0,11,7,18,55,52,57,43,36,207,243,2.853846154,7.538461538,1.5,0,4.784615385,0,1,0
2014-01-12,0,0,0,0,0,0,1,1,0,0,0,0,0,0,0,0,0,0,0,0,1,0,2,1,10,28,14,12,13,13,67,80,1.264285714,4.928571429,0.0,142,1.978571429,0,1,0
2014-01-13,1,0,0,0,0,0,0,1,0,0,0,0,0,0,0,0,0,0,0,0,1,0,2,5,13,26,15,25,17,20,83,103,1.758333333,7.5,5.0,34,5.925,0,0,1
2014-01-14,0,1,0,0,0,0,0,1,0,0,0,0,0,0,0,0,0,0,0,0,1,0,11,3,10,39,17,28,27,24,111,135,1.591666667,7.5,1.5,0,4.966666667,0,0,1
2014-01-15,0,0,1,0,0,0,0,1,0,0,0,0,0,0,0,0,0,0,0,0,1,0,9,5,5,37,25,43,29,19,134,153,3.058333333,6.0,0.0,283,5.208333333,0,0,1
2014-01-16,0,0,0,1,0,0,0,1,0,0,0,0,0,0,0,0,0,0,0,0,1,0,4,9,12,24,24,36,30,25,114,139,3.55,5.666666667,2.6,0,7.35,0,0,1
2014-01-17,0,0,0,0,1,0,0,1,0,0,0,0,0,0,0,0,0,0,0,0,1,0,9,9,11,36,19,39,29,29,123,152,3.133333333,3.0,0.0,151,6.316666667,0,0,1
2014-01-18,0,0,0,0,0,1,0,1,0,0,0,0,0,0,0,0,0,0,0,0,1,0,10,11,16,61,58,66,42,37,227,264,2.307692308,5.846153846,0.0,146,3.015384615,0,1,0
2014-01-19,0,0,0,0,0,0,1,1,0,0,0,0,0,0,0,0,0,0,0,0,1,0,2,4,4,30,10,30,12,10,82,92,1.814285714,6.357142857,0.0,50,2.628571429,0,1,0
2014-01-20,1,0,0,0,0,0,0,1,0,0,0,0,0,0,0,0,0,0,0,0,1,0,2,1,1,20,16,22,14,4,72,76,2.2,7.916666667,0.0,0,3.35,0,0,1
2014-01-21,0,1,0,0,0,0,0,1,0,0,0,0,0,0,0,0,0,0,0,0,1,0,6,3,8,29,19,19,19,17,86,103,2.133333333,7.833333333,5.2,0,3.633333333,0,0,1
2014-01-22,0,0,1,0,0,0,0,1,0,0,0,0,0,0,0,0,0,0,0,0,1,0,8,10,11,35,23,45,23,29,126,155,1.158333333,8.0,0.0,0,4.191666667,0,0,1
2014-01-23,0,0,0,1,0,0,0,1,0,0,0,0,0,0,0,0,0,0,0,0,1,0,6,5,10,26,17,15,23,21,81,102,2.016666667,7.916666667,1.0,0,3.708333333,0,0,1
2014-01-24,0,0,0,0,1,0,0,1,0,0,0,0,0,0,0,0,0,0,0,0,1,0,6,8,8,27,19,21,21,22,88,110,3.675,7.75,1.3,0,1.95,0,0,1
2014-01-25,0,0,0,0,0,1,0,1,0,0,0,0,0,0,0,0,0,0,0,0,1,0,7,4,10,51,33,64,48,21,196,217,1.853846154,7.846153846,0.0,3,2.830769231,0,1,0
2014-01-26,0,0,0,0,0,0,1,1,0,0,0,0,0,0,0,0,0,0,0,0,1,0,4,6,7,32,13,24,32,17,101,118,5.407142857,6.214285714,0.0,126,4.457142857,0,1,0
2014-01-27,1,0,0,0,0,0,0,1,0,0,0,0,0,0,0,0,0,0,0,0,1,0,1,5,3,14,10,14,11,9,49,58,3.158333333,4.583333333,1.2,130,2.608333333,0,0,1
2014-01-28,0,1,0,0,0,0,0,1,0,0,0,0,0,0,0,0,0,0,0,0,1,0,3,2,3,30,17,31,16,8,94,102,3.316666667,1.333333333,0.0,405,3.541666667,0,0,1
2014-01-29,0,0,1,0,0,0,0,1,0,0,0,0,0,0,0,0,0,0,0,0,1,0,24,4,12,31,18,29,22,40,100,140,5.233333333,6.083333333,0.0,18,-0.083333333,0,0,1
2014-01-30,0,0,0,1,0,0,0,1,0,0,0,0,0,0,0,0,0,0,0,0,1,0,8,11,16,33,23,36,29,35,121,156,2.416666667,6.416666667,0.0,150,0.966666667,0,0,1
2014-01-31,0,0,0,0,1,0,0,1,0,0,0,0,0,0,0,0,0,0,0,0,1,0,4,6,14,30,20,27,27,24,104,128,1.791666667,2.666666667,0.0,282,1.625,0,0,1
2014-02-01,0,0,0,0,0,1,0,0,1,0,0,0,0,0,0,0,0,0,0,0,1,0,6,10,16,45,44,67,48,32,204,236,1.976923077,6.384615385,0.3,197,6.707692308,0,1,0
2014-02-02,0,0,0,0,0,0,1,0,1,0,0,0,0,0,0,0,0,0,0,0,1,0,0,1,12,17,11,23,24,13,75,88,1.928571429,7.071428571,0.4,1,3.95,0,1,0
2014-02-03,1,0,0,0,0,0,0,0,1,0,0,0,0,0,0,0,0,0,0,0,1,0,0,4,8,16,11,16,16,12,59,71,3.883333333,7.75,0.0,1,2.641666667,0,0,1
2014-02-04,0,1,0,0,0,0,0,0,1,0,0,0,0,0,0,0,0,0,0,0,1,0,2,5,12,24,20,27,27,19,98,117,2.091666667,6.25,0.0,0,5.608333333,0,0,1
2014-02-05,0,0,1,0,0,0,0,0,1,0,0,0,0,0,0,0,0,0,0,0,1,0,1,3,11,26,28,35,22,15,111,126,2.966666667,6.333333333,0.1,11,4.575,0,0,1
2014-02-06,0,0,0,1,0,0,0,0,1,0,0,0,0,0,0,0,0,0,0,0,1,0,4,2,9,23,24,22,24,15,93,108,3.883333333,5.5,0.0,240,9.108333333,0,0,1
2014-02-07,0,0,0,0,1,0,0,0,1,0,0,0,0,0,0,0,0,0,0,0,1,0,5,7,17,29,31,47,24,29,131,160,5.091666667,6.25,0.0,0,9.066666667,0,0,1
2014-02-08,0,0,0,0,0,1,0,0,1,0,0,0,0,0,0,0,0,0,0,0,1,0,10,5,11,56,34,38,37,26,165,191,4.892307692,5.076923077,0.6,0,7.023076923,0,1,0
2014-02-09,0,0,0,0,0,0,1,0,1,0,0,0,0,0,0,0,0,0,0,0,1,0,5,6,5,27,17,17,23,16,84,100,4.292857143,6.0,0.9,127,5.042857143,0,1,0
2014-02-10,1,0,0,0,0,0,0,0,1,0,0,0,0,0,0,0,0,0,0,0,1,0,2,3,1,28,16,13,23,6,80,86,2.95,7.0,1.7,0,4.033333333,0,0,1
2014-02-11,0,1,0,0,0,0,0,0,1,0,0,0,0,0,0,0,0,0,0,0,1,0,5,3,8,31,19,25,26,16,101,117,2.55,4.25,0.0,80,5.675,0,0,1
2014-02-12,0,0,1,0,0,0,0,0,1,0,0,0,0,0,0,0,0,0,0,0,1,0,4,6,4,29,13,14,24,14,80,94,3.491666667,4.333333333,0.0,273,6.466666667,0,0,1
2014-02-13,0,0,0,1,0,0,0,0,1,0,0,0,0,0,0,0,0,0,0,0,1,0,4,1,5,21,15,22,29,10,87,97,5.641666667,6.833333333,6.3,58,6.741666667,0,0,1
2014-02-14,0,0,0,0,1,0,0,0,1,0,0,0,0,0,0,0,0,0,0,0,1,0,14,7,14,52,31,42,44,35,169,204,4.558333333,6.916666667,0.5,176,7.025,0,0,1
2014-02-15,0,0,0,0,0,1,0,0,1,0,0,0,0,0,0,0,0,0,0,0,1,0,6,6,16,59,22,48,37,28,166,194,3.515384615,6.615384615,6.3,0,7.3,0,1,0
2014-02-16,0,0,0,0,0,0,1,0,1,0,0,0,0,0,0,0,0,0,0,0,1,0,3,6,7,24,11,10,16,16,61,77,3.442857143,6.857142857,0.1,3,7.235714286,0,1,0
2014-02-17,1,0,0,0,0,0,0,0,1,0,0,0,0,0,0,0,0,0,0,0,1,0,1,2,9,15,16,28,18,12,77,89,1.833333333,1.75,0.0,309,8.475,0,0,1
2014-02-18,0,1,0,0,0,0,0,0,1,0,0,0,0,0,0,0,0,0,0,0,1,0,1,8,5,26,21,29,13,14,89,103,2.341666667,4.916666667,0.0,251,8.258333333,0,0,1
2014-02-19,0,0,1,0,0,0,0,0,1,0,0,0,0,0,0,0,0,0,0,0,1,0,5,5,8,18,24,14,23,18,79,97,1.8,7.916666667,0.2,1,8.191666667,0,0,1
2014-02-20,0,0,0,1,0,0,0,0,1,0,0,0,0,0,0,0,0,0,0,0,1,0,3,2,10,31,22,23,19,15,95,110,3.233333333,1.333333333,0.0,427,10.24166667,0,0,1
2014-02-21,0,0,0,0,1,0,0,0,1,0,0,0,0,0,0,0,0,0,0,0,1,0,2,7,8,25,26,32,29,17,112,129,3.758333333,5.333333333,0.6,15,6.825,0,0,1
2014-02-22,0,0,0,0,0,1,0,0,1,0,0,0,0,0,0,0,0,0,0,0,1,0,14,2,17,43,33,47,37,33,160,193,3.138461538,5.230769231,0.5,165,6.807692308,0,1,0
2014-02-23,0,0,0,0,0,0,1,0,1,0,0,0,0,0,0,0,0,0,0,0,1,0,7,6,8,22,17,27,22,21,88,109,2.792857143,2.428571429,0.0,439,7.564285714,0,1,0
2014-02-24,1,0,0,0,0,0,0,0,1,0,0,0,0,0,0,0,0,0,0,0,1,0,4,2,12,24,19,17,21,18,81,99,2.9,0.083333333,0.0,472,9.216666667,0,0,1
2014-02-25,0,1,0,0,0,0,0,0,1,0,0,0,0,0,0,0,0,0,0,0,1,0,6,4,12,38,23,31,19,22,111,133,3.2,6.5,0.0,299,11.4,0,0,1
2014-02-26,0,0,1,0,0,0,0,0,1,0,0,0,0,0,0,0,0,0,0,0,1,0,5,6,7,22,25,25,17,18,89,107,3.933333333,6.5,1.9,146,8.241666667,0,0,1
2014-02-27,0,0,0,1,0,0,0,0,1,0,0,0,0,0,0,0,0,0,0,0,1,0,4,3,10,40,23,28,26,17,117,134,3.441666667,7.166666667,0.0,0,7.3,0,0,1
2014-02-28,0,0,0,0,1,0,0,0,1,0,0,0,0,0,0,0,0,0,0,0,1,0,4,11,12,31,20,36,34,27,121,148,3.116666667,6.5,0.0,205,8.766666667,0,0,1
2014-03-01,0,0,0,0,0,1,0,0,0,1,0,0,0,0,0,0,0,0,0,0,1,0,8,7,18,51,42,51,41,33,185,218,1.830769231,7.230769231,0.3,76,6.576923077,0,1,0
2014-03-02,0,0,0,0,0,0,1,0,0,1,0,0,0,0,0,0,0,0,0,0,1,0,4,3,9,19,19,26,15,16,79,95,2.1,5.571428571,0.0,122,5.742857143,0,1,0
2014-03-03,1,0,0,0,0,0,0,0,0,1,0,0,0,0,0,0,0,0,0,0,1,0,0,3,10,31,18,12,12,13,73,86,2.633333333,7.583333333,0.0,11,7.65,0,0,1
2014-03-04,0,1,0,0,0,0,0,0,0,1,0,0,0,0,0,0,0,0,0,0,1,0,3,0,3,22,15,24,15,6,76,82,3.916666667,5.333333333,0.0,284,8.808333333,0,0,1
2014-03-05,0,0,1,0,0,0,0,0,0,1,0,0,0,0,0,0,0,0,0,0,1,0,3,9,9,27,27,27,29,21,110,131,3.566666667,4.583333333,0.0,253,8.2,0,0,1
2014-03-06,0,0,0,1,0,0,0,0,0,1,0,0,0,0,0,0,0,0,0,0,1,0,7,3,14,28,30,35,26,24,119,143,2.425,2.416666667,0.0,268,7.991666667,0,0,1
2014-03-07,0,0,0,0,1,0,0,0,0,1,0,0,0,0,0,0,0,0,0,0,1,0,5,5,15,44,23,31,31,25,129,154,1.858333333,1.75,0.0,458,10.475,0,0,1
2014-03-08,0,0,0,0,0,1,0,0,0,1,0,0,0,0,0,0,0,0,0,0,1,0,9,8,12,34,33,40,30,29,137,166,2.707692308,0.0,0.0,473,11.76923077,0,1,0
2014-03-09,0,0,0,0,0,0,1,0,0,1,0,0,0,0,0,0,0,0,0,0,1,0,6,5,7,31,20,20,22,18,93,111,2.864285714,0.142857143,0.0,609,14.32857143,0,1,0
2014-03-10,1,0,0,0,0,0,0,0,0,1,0,0,0,0,0,0,0,0,0,0,1,0,1,4,11,18,16,12,16,16,62,78,2.816666667,0.333333333,0.0,483,12.94166667,0,0,1
2014-03-11,0,1,0,0,0,0,0,0,0,1,0,0,0,0,0,0,0,0,0,0,1,0,5,1,5,24,14,23,18,11,79,90,2.683333333,0.333333333,0.0,467,12.35833333,0,0,1
2014-03-12,0,0,1,0,0,0,0,0,0,1,0,0,0,0,0,0,0,0,0,0,1,0,4,4,5,21,20,20,17,13,78,91,2.65,0.5,0.0,485,14.50833333,0,0,1
2014-03-13,0,0,0,1,0,0,0,0,0,1,0,0,0,0,0,0,0,0,0,0,1,0,8,0,1,25,31,24,17,9,97,106,2.141666667,0.5,0.0,482,14.74166667,0,0,1
2014-03-14,0,0,0,0,1,0,0,0,0,1,0,0,0,0,0,0,0,0,0,0,1,0,6,3,8,31,39,38,19,17,127,144,2.45,0.083333333,0.0,479,14.80833333,0,0,1
2014-03-15,0,0,0,0,0,1,0,0,0,1,0,0,0,0,0,0,0,0,0,0,1,0,10,7,12,51,33,52,44,29,180,209,6.038461538,7.692307692,0.5,0,7.623076923,0,1,0
2014-03-16,0,0,0,0,0,0,1,0,0,1,0,0,0,0,0,0,0,0,0,0,1,0,4,5,9,32,18,19,14,18,83,101,4.235714286,4.214285714,0.0,208,12.15,0,1,0
2014-03-17,1,0,0,0,0,0,0,0,0,1,0,0,0,0,0,0,0,0,0,0,1,0,4,2,4,18,20,23,12,10,73,83,4.1,0.25,0.0,505,14.98333333,0,0,1
2014-03-18,0,1,0,0,0,0,0,0,0,1,0,0,0,0,0,0,0,0,0,0,1,0,6,3,6,29,19,26,23,15,97,112,4.4,5.333333333,0.0,276,14.59166667,0,0,1
2014-03-19,0,0,1,0,0,0,0,0,0,1,0,0,0,0,0,0,0,0,0,0,1,0,1,4,6,25,23,30,19,11,97,108,4.458333333,3.583333333,0.0,230,12.26666667,0,0,1
2014-03-20,0,0,0,1,0,0,0,0,0,1,0,0,0,0,0,0,0,0,0,0,1,0,8,3,15,36,22,25,20,26,103,129,3.833333333,0.833333333,0.0,515,18.96666667,0,0,1
2014-03-21,0,0,0,0,1,0,0,0,0,1,0,0,0,0,0,0,0,0,0,0,1,0,7,9,7,31,25,38,30,23,124,147,5.583333333,5.833333333,0.0,256,17.08333333,0,0,1
2014-03-22,0,0,0,0,0,1,0,0,0,1,0,0,0,0,0,0,0,0,0,0,1,0,4,7,12,39,26,38,45,23,148,171,3.753846154,6.846153846,1.0,0,9.746153846,0,1,0
2014-03-23,0,0,0,0,0,0,1,0,0,1,0,0,0,0,0,0,0,0,0,0,1,0,4,4,6,22,13,26,17,14,78,92,3.414285714,6.785714286,0.4,9,6.4,0,1,0
2014-03-24,1,0,0,0,0,0,0,0,0,1,0,0,0,0,0,0,0,0,0,0,1,0,0,2,6,16,13,8,6,8,43,51,2.841666667,6.0,3.4,99,4.591666667,0,0,1
2014-03-25,0,1,0,0,0,0,0,0,0,1,0,0,0,0,0,0,0,0,0,0,1,0,5,1,6,24,23,28,21,12,96,108,2.508333333,2.666666667,0.0,293,6.091666667,0,0,1
2014-03-26,0,0,1,0,0,0,0,0,0,1,0,0,0,0,0,0,0,0,0,0,1,0,4,5,14,27,19,38,19,23,103,126,2.333333333,4.416666667,0.0,200,8.133333333,0,0,1
2014-03-27,0,0,0,1,0,0,0,0,0,1,0,0,0,0,0,0,0,0,0,0,1,0,4,5,7,27,19,29,15,16,90,106,2.583333333,3.083333333,0.0,417,11.83333333,0,0,1
2014-03-28,0,0,0,0,1,0,0,0,0,1,0,0,0,0,0,0,0,0,0,0,1,0,4,6,11,35,25,35,30,21,125,146,3.233333333,1.583333333,0.0,330,14.025,0,0,1
2014-03-29,0,0,0,0,0,1,0,0,0,1,0,0,0,0,0,0,0,0,0,0,1,0,11,7,16,51,30,56,44,34,181,215,2.907692308,2.769230769,0.0,435,15.99230769,0,1,0
2014-03-30,0,0,0,0,0,0,1,0,0,1,0,0,0,0,0,0,0,0,0,0,1,0,6,1,4,21,12,13,11,11,57,68,2.092857143,0.285714286,0.0,656,15.99285714,0,1,0
2014-03-31,1,0,0,0,0,0,0,0,0,1,0,0,0,0,0,0,0,0,0,0,1,0,2,9,9,20,21,23,21,20,85,105,1.766666667,0.25,0.0,500,16.875,0,0,1
2014-04-01,0,1,0,0,0,0,0,0,0,0,1,0,0,0,0,0,0,0,0,0,1,0,9,4,5,16,22,17,21,18,76,94,1.691666667,2.416666667,0.0,436,17.91666667,0,0,1
2014-04-02,0,0,1,0,0,0,0,0,0,0,1,0,0,0,0,0,0,0,0,0,1,0,1,3,14,36,16,23,22,18,97,115,2.408333333,3.083333333,0.0,410,19.71666667,0,0,1
2014-04-03,0,0,0,1,0,0,0,0,0,0,1,0,0,0,0,0,0,0,0,0,1,0,10,6,16,36,21,25,17,32,99,131,2.916666667,5.083333333,0.0,242,19.85,0,0,1
2014-04-04,0,0,0,0,1,0,0,0,0,0,1,0,0,0,0,0,0,0,0,0,1,0,5,5,13,20,19,34,18,23,91,114,2.141666667,2.25,0.0,378,18.74166667,0,0,1
2014-04-05,0,0,0,0,0,1,0,0,0,0,1,0,0,0,0,0,0,0,0,0,1,0,13,13,27,56,49,63,60,53,228,281,4.092307692,7.692307692,3.4,0,12.91538462,0,1,0
2014-04-06,0,0,0,0,0,0,1,0,0,0,1,0,0,0,0,0,0,0,0,0,1,0,2,0,4,26,15,21,16,6,78,84,1.85,4.0,0.0,362,15.99285714,0,1,0
2014-04-07,1,0,0,0,0,0,0,0,0,0,1,0,0,0,0,0,0,0,0,0,1,0,4,2,11,14,19,15,9,17,57,74,3.416666667,4.416666667,0.0,313,19.59166667,0,0,1
2014-04-08,0,1,0,0,0,0,0,0,0,0,1,0,0,0,0,0,0,0,0,0,1,0,4,5,6,17,15,30,19,15,81,96,7.641666667,6.25,0.0,175,12.14166667,0,0,1
2014-04-09,0,0,1,0,0,0,0,0,0,0,1,0,0,0,0,0,0,0,0,0,1,0,2,3,7,40,23,28,28,12,119,131,4.158333333,3.75,0.0,515,11.69166667,0,0,1
2014-04-10,0,0,0,1,0,0,0,0,0,0,1,0,0,0,0,0,0,0,0,0,1,0,1,2,13,45,22,27,28,16,122,138,2.008333333,5.583333333,0.0,217,13.175,0,0,1
2014-04-11,0,0,0,0,1,0,0,0,0,0,1,0,0,0,0,0,0,0,0,0,1,0,9,6,13,37,27,59,28,28,151,179,2.833333333,0.75,0.0,586,16.425,0,0,1
2014-04-12,0,0,0,0,0,1,0,0,0,0,1,0,0,0,0,0,0,0,0,0,1,0,2,7,14,47,31,45,31,23,154,177,2.746153846,4.153846154,0.0,450,17.26153846,0,1,0
2014-04-13,0,0,0,0,0,0,1,0,0,0,1,0,0,0,0,0,0,0,0,0,1,0,7,3,9,16,16,25,12,19,69,88,4.585714286,1.285714286,0.0,693,14.72142857,0,1,0
2014-04-14,1,0,0,0,0,0,0,0,0,0,1,0,0,0,0,0,0,0,0,0,1,0,3,8,10,17,23,19,18,21,77,98,7.266666667,7.083333333,0.2,147,11.11666667,0,0,1
2014-04-15,0,1,0,0,0,0,0,0,0,0,1,0,0,0,0,0,0,0,0,0,1,0,6,1,4,25,18,28,14,11,85,96,4.208333333,7.916666667,0.0,18,6.65,0,0,1
2014-04-16,0,0,1,0,0,0,0,0,0,0,1,0,0,0,0,0,0,0,0,0,1,0,10,7,12,39,22,33,27,29,121,150,2.958333333,3.083333333,0.0,341,9.858333333,0,0,1
2014-04-17,0,0,0,1,0,0,0,0,0,0,1,0,0,0,0,0,0,0,0,0,1,0,5,7,18,24,21,21,18,30,84,114,3.375,1.333333333,0.0,596,13.3,0,0,1
2014-04-18,0,0,0,0,1,0,0,0,0,0,1,0,0,0,0,0,0,0,0,0,1,0,1,3,11,13,9,14,12,15,48,63,3.291666667,6.166666667,0.8,56,6.325,1,0,0
2014-04-19,0,0,0,0,0,1,0,0,0,0,1,0,0,0,0,0,0,0,0,0,1,0,5,4,11,41,21,44,26,20,132,152,3.238461538,7.076923077,0.0,80,12.16153846,0,1,0
2014-04-20,0,0,0,0,0,0,1,0,0,0,1,0,0,0,0,0,0,0,0,0,1,0,2,2,5,17,7,14,11,9,49,58,4.764285714,4.357142857,0.0,328,15.55714286,0,1,0
2014-04-21,1,0,0,0,0,0,0,0,0,0,1,0,0,0,0,0,0,0,0,0,1,0,2,6,6,12,11,17,9,14,49,63,1.691666667,5.333333333,3.1,175,13.56666667,1,0,0
2014-04-22,0,1,0,0,0,0,0,0,0,0,1,0,0,0,0,0,0,0,0,0,1,0,5,7,5,23,16,22,25,17,86,103,2.283333333,3.916666667,0.1,325,15.9,0,0,1
2014-04-23,0,0,1,0,0,0,0,0,0,0,1,0,0,0,0,0,0,0,0,0,1,0,7,3,10,26,19,15,18,20,78,98,2.4,2.583333333,0.0,386,18.75833333,0,0,1
2014-04-24,0,0,0,1,0,0,0,0,0,0,1,0,0,0,0,0,0,0,0,0,1,0,2,4,11,19,17,24,16,17,76,93,3.008333333,1.833333333,0.1,515,20.08333333,0,0,1
2014-04-25,0,0,0,0,1,0,0,0,0,0,1,0,0,0,0,0,0,0,0,0,1,0,3,6,18,36,18,16,39,27,109,136,2.85,4.5,0.0,372,20.4,0,0,1
2014-04-26,0,0,0,0,0,1,0,0,0,0,1,0,0,0,0,0,0,0,0,0,1,0,5,3,23,39,31,43,27,31,140,171,2.692307692,5.384615385,1.0,242,16.84615385,0,1,0
2014-04-27,0,0,0,0,0,0,1,0,0,0,1,0,0,0,0,0,0,0,0,0,1,0,8,4,4,19,10,13,16,16,58,74,2.842857143,7.428571429,1.1,69,11.91428571,0,1,0
2014-04-28,1,0,0,0,0,0,0,0,0,0,1,0,0,0,0,0,0,0,0,0,1,0,3,4,11,18,18,19,12,18,67,85,3.566666667,7.583333333,0.0,0,12.29166667,0,0,1
2014-04-29,0,1,0,0,0,0,0,0,0,0,1,0,0,0,0,0,0,0,0,0,1,0,3,5,10,27,24,22,13,18,86,104,2.583333333,6.833333333,0.0,90,14.46666667,0,0,1
2014-04-30,0,0,1,0,0,0,0,0,0,0,1,0,0,0,0,0,0,0,0,0,1,0,5,5,12,26,24,41,22,22,113,135,2.425,7.333333333,1.2,46,13.96666667,0,0,1
2014-05-01,0,0,0,1,0,0,0,0,0,0,0,1,0,0,0,0,0,0,0,0,1,0,8,6,11,26,27,34,27,25,114,139,2.266666667,5.833333333,16.2,4,12.06666667,1,0,0
2014-05-02,0,0,0,0,1,0,0,0,0,0,0,1,0,0,0,0,0,0,0,0,1,0,8,7,17,37,48,45,49,32,179,211,3.375,7.25,5.5,89,12.775,0,0,1
2014-05-03,0,0,0,0,0,1,0,0,0,0,0,1,0,0,0,0,0,0,0,0,1,0,8,7,15,50,29,55,40,30,174,204,3.007692308,8.0,0.0,0,7.761538462,0,1,0
2014-05-04,0,0,0,0,0,0,1,0,0,0,0,1,0,0,0,0,0,0,0,0,1,0,5,3,6,17,25,24,15,14,81,95,2.092857143,1.428571429,0.0,690,12.00714286,0,1,0
2014-05-05,1,0,0,0,0,0,0,0,0,0,0,1,0,0,0,0,0,0,0,0,1,0,3,4,3,19,10,24,11,10,64,74,2.308333333,2.25,0.0,607,16.84166667,0,0,1
2014-05-06,0,1,0,0,0,0,0,0,0,0,0,1,0,0,0,0,0,0,0,0,1,0,5,2,9,21,15,27,19,16,82,98,3.35,6.166666667,0.0,217,20.25833333,0,0,1
2014-05-07,0,0,1,0,0,0,0,0,0,0,0,1,0,0,0,0,0,0,0,0,1,0,6,5,6,29,18,33,29,17,109,126,5.691666667,4.833333333,0.0,332,15.1,0,0,1
2014-05-08,0,0,0,1,0,0,0,0,0,0,0,1,0,0,0,0,0,0,0,0,1,0,2,4,13,17,22,29,8,19,76,95,4.083333333,6.75,0.0,212,16.85833333,0,0,1
2014-05-09,0,0,0,0,1,0,0,0,0,0,0,1,0,0,0,0,0,0,0,0,1,0,4,2,9,19,30,34,24,15,107,122,6.016666667,5.583333333,0.1,378,18.03333333,0,0,1
2014-05-10,0,0,0,0,0,1,0,0,0,0,0,1,0,0,0,0,0,0,0,0,1,0,8,5,16,38,43,43,22,29,146,175,3.015384615,7.307692308,1.4,110,15.86153846,0,1,0
2014-05-11,0,0,0,0,0,0,1,0,0,0,0,1,0,0,0,0,0,0,0,0,1,0,4,2,3,9,8,18,14,9,49,58,5.3,4.785714286,1.1,322,11.57142857,0,1,0
2014-05-12,1,0,0,0,0,0,0,0,0,0,0,1,0,0,0,0,0,0,0,0,1,0,1,3,11,17,28,14,19,15,78,93,5.3,6.916666667,2.7,131,10.05,0,0,1
2014-05-13,0,1,0,0,0,0,0,0,0,0,0,1,0,0,0,0,0,0,0,0,1,0,5,6,9,32,23,29,28,20,112,132,5.225,6.0,2.7,284,11.44166667,0,0,1
2014-05-14,0,0,1,0,0,0,0,0,0,0,0,1,0,0,0,0,0,0,0,0,1,0,2,0,7,23,30,28,21,9,102,111,4.666666667,3.25,0.0,509,12.925,0,0,1
2014-05-15,0,0,0,1,0,0,0,0,0,0,0,1,0,0,0,0,0,0,0,0,1,0,1,6,15,40,28,36,21,22,125,147,3.941666667,6.333333333,0.0,227,11.14166667,0,0,1
2014-05-16,0,0,0,0,1,0,0,0,0,0,0,1,0,0,0,0,0,0,0,0,1,0,12,9,14,27,28,43,21,35,119,154,3.675,2.833333333,0.0,467,14.89166667,0,0,1
2014-05-17,0,0,0,0,0,1,0,0,0,0,0,1,0,0,0,0,0,0,0,0,1,0,5,8,20,36,35,39,32,33,142,175,2.392307692,5.461538462,0.0,385,16.21538462,0,1,0
2014-05-18,0,0,0,0,0,0,1,0,0,0,0,1,0,0,0,0,0,0,0,0,1,0,3,2,4,8,7,11,18,9,44,53,2.164285714,3.428571429,0.0,574,17.69285714,0,1,0
2014-05-19,1,0,0,0,0,0,0,0,0,0,0,1,0,0,0,0,0,0,0,0,1,0,2,4,7,23,14,17,20,13,74,87,2.35,6.833333333,0.0,281,20.69166667,0,0,1
2014-05-20,0,1,0,0,0,0,0,0,0,0,0,1,0,0,0,0,0,0,0,0,1,0,3,3,10,29,23,26,19,16,97,113,2.875,2.5,0.0,486,24.40833333,0,0,1
2014-05-21,0,0,1,0,0,0,0,0,0,0,0,1,0,0,0,0,0,0,0,0,1,0,5,6,13,32,19,27,23,24,101,125,4.475,1.833333333,0.0,476,25.95,0,0,1
2014-05-22,0,0,0,1,0,0,0,0,0,0,0,1,0,0,0,0,0,0,0,0,1,0,3,5,15,26,23,30,21,23,100,123,3.825,4.083333333,0.0,374,22.25833333,0,0,1
2014-05-23,0,0,0,0,1,0,0,0,0,0,0,1,0,0,0,0,0,0,0,0,1,0,7,9,10,25,28,28,16,26,97,123,2.333333333,4.166666667,0.5,434,18.4,0,0,1
2014-05-24,0,0,0,0,0,1,0,0,0,0,0,1,0,0,0,0,0,0,0,0,1,0,3,4,11,42,26,37,28,18,133,151,2.530769231,3.0,5.0,367,15.78461538,0,1,0
2014-05-25,0,0,0,0,0,0,1,0,0,0,0,1,0,0,0,0,0,0,0,0,1,0,4,2,2,12,9,15,14,8,50,58,3.107142857,4.5,0.0,569,19.59285714,0,1,0
2014-05-26,1,0,0,0,0,0,0,0,0,0,0,1,0,0,0,0,0,0,0,0,1,0,5,4,11,15,28,24,16,20,83,103,2.191666667,7.083333333,0.7,36,15.89166667,0,0,1
2014-05-27,0,1,0,0,0,0,0,0,0,0,0,1,0,0,0,0,0,0,0,0,1,0,1,5,6,30,24,29,24,12,107,119,5.575,7.666666667,0.0,94,15.825,0,0,1
2014-05-28,0,0,1,0,0,0,0,0,0,0,0,1,0,0,0,0,0,0,0,0,1,0,3,6,9,29,14,30,23,18,96,114,3.591666667,6.416666667,0.0,96,16.29166667,0,0,1
2014-05-29,0,0,0,1,0,0,0,0,0,0,0,1,0,0,0,0,0,0,0,0,1,0,6,4,16,31,19,45,22,26,117,143,3.775,6.833333333,0.1,222,17.2,1,0,0
2014-05-30,0,0,0,0,1,0,0,0,0,0,0,1,0,0,0,0,0,0,0,0,1,0,5,7,7,55,44,48,33,19,180,199,2.9,6.666666667,0.0,50,12.55,0,0,1
2014-05-31,0,0,0,0,0,1,0,0,0,0,0,1,0,0,0,0,0,0,0,0,1,0,5,6,16,38,30,39,27,27,134,161,2.515384615,3.0,0.0,493,17.6,0,1,0
2014-06-01,0,0,0,0,0,0,1,0,0,0,0,0,1,0,0,0,0,0,0,0,1,0,2,2,11,21,9,22,17,15,69,84,2.221428571,7.142857143,0.0,178,17.67857143,0,1,0
2014-06-02,1,0,0,0,0,0,0,0,0,0,0,0,1,0,0,0,0,0,0,0,1,0,3,7,10,18,17,16,16,20,67,87,2.158333333,6.833333333,0.0,211,18.04166667,0,0,1
2014-06-03,0,1,0,0,0,0,0,0,0,0,0,0,1,0,0,0,0,0,0,0,1,0,5,2,8,23,25,33,26,15,107,122,2.441666667,6.666666667,0.0,234,17.925,0,0,1
2014-06-04,0,0,1,0,0,0,0,0,0,0,0,0,1,0,0,0,0,0,0,0,1,0,7,9,5,25,21,17,21,21,84,105,2.958333333,5.833333333,3.8,205,17.56666667,0,0,1
2014-06-05,0,0,0,1,0,0,0,0,0,0,0,0,1,0,0,0,0,0,0,0,1,0,3,4,3,18,25,21,18,10,82,92,2.791666667,3.5,0.0,517,17.88333333,0,0,1
2014-06-06,0,0,0,0,1,0,0,0,0,0,0,0,1,0,0,0,0,0,0,0,1,0,0,9,10,32,27,32,16,19,107,126,2.275,1.916666667,0.0,669,24.51666667,0,0,1
2014-06-07,0,0,0,0,0,1,0,0,0,0,0,0,1,0,0,0,0,0,0,0,1,0,6,5,8,25,20,33,17,19,95,114,1.969230769,1.846153846,0.0,463,28.2,0,1,0
2014-06-08,0,0,0,0,0,0,1,0,0,0,0,0,1,0,0,0,0,0,0,0,1,0,4,5,8,7,11,17,6,17,41,58,2.792857143,0.857142857,0.0,763,30.52142857,0,1,0
2014-06-09,1,0,0,0,0,0,0,0,0,0,0,0,1,0,0,0,0,0,0,0,1,0,3,0,5,8,9,11,9,8,37,45,3.141666667,0.416666667,0.0,620,32.91666667,1,0,0
2014-06-10,0,1,0,0,0,0,0,0,0,0,0,0,1,0,0,0,0,0,0,0,1,0,3,1,8,19,13,15,15,12,62,74,3.175,4.25,1.1,417,29.10833333,0,0,1
2014-06-11,0,0,1,0,0,0,0,0,0,0,0,0,1,0,0,0,0,0,0,0,1,0,2,4,9,26,8,27,23,15,84,99,3.166666667,4.666666667,0.0,305,25.56666667,0,0,1
2014-06-12,0,0,0,1,0,0,0,0,0,0,0,0,1,0,0,0,0,0,0,0,1,0,3,2,8,24,23,23,11,13,81,94,3.05,2.833333333,0.0,538,25.45833333,0,0,1
2014-06-13,0,0,0,0,1,0,0,0,0,0,0,0,1,0,0,0,0,0,0,0,1,0,5,4,15,31,17,32,22,24,102,126,3.875,1.833333333,0.0,620,23.275,0,0,1
2014-06-14,0,0,0,0,0,1,0,0,0,0,0,0,1,0,0,0,0,0,0,0,1,0,9,4,12,37,22,22,27,25,108,133,3.946153846,4.923076923,0.0,215,17.71538462,0,1,0
2014-06-15,0,0,0,0,0,0,1,0,0,0,0,0,1,0,0,0,0,0,0,0,1,0,1,1,4,9,10,10,11,6,40,46,3.971428571,4.142857143,0.0,578,19.49285714,0,1,0
2014-06-16,1,0,0,0,0,0,0,0,0,0,0,0,1,0,0,0,0,0,0,0,1,0,1,7,4,26,19,20,21,12,86,98,3.558333333,3.083333333,0.0,456,20.74166667,0,0,1
2014-06-17,0,1,0,0,0,0,0,0,0,0,0,0,1,0,0,0,0,0,0,0,1,0,2,4,8,27,22,17,22,14,88,102,3.166666667,6.166666667,1.3,266,17.30833333,0,0,1
2014-06-18,0,0,1,0,0,0,0,0,0,0,0,0,1,0,0,0,0,0,0,0,1,0,5,5,11,27,24,24,24,21,99,120,3.15,3.416666667,0.0,458,22.0,0,0,1
2014-06-19,0,0,0,1,0,0,0,0,0,0,0,0,1,0,0,0,0,0,0,0,1,0,5,8,1,29,16,17,16,14,78,92,4.666666667,2.333333333,0.0,574,21.03333333,1,0,0
2014-06-20,0,0,0,0,1,0,0,0,0,0,0,0,1,0,0,0,0,0,0,0,1,0,1,5,10,29,33,34,22,16,118,134,4.175,5.833333333,0.0,212,16.6,0,0,1
2014-06-21,0,0,0,0,0,1,0,0,0,0,0,0,1,0,0,0,0,0,0,0,1,0,6,5,14,48,25,25,27,25,125,150,2.607692308,1.846153846,0.0,597,19.33846154,0,1,0
2014-06-22,0,0,0,0,0,0,1,0,0,0,0,0,1,0,0,0,0,0,0,0,1,0,2,3,5,11,8,21,16,10,56,66,3.05,1.071428571,0.0,782,21.64285714,0,1,0
2014-06-23,1,0,0,0,0,0,0,0,0,0,0,0,1,0,0,0,0,0,0,0,1,0,2,4,7,25,15,23,19,13,82,95,2.7,3.75,0.0,409,22.56666667,0,0,1
2014-06-24,0,1,0,0,0,0,0,0,0,0,0,0,1,0,0,0,0,0,0,0,1,0,4,1,7,18,26,19,20,12,83,95,2.516666667,1.416666667,0.0,635,22.325,0,0,1
2014-06-25,0,0,1,0,0,0,0,0,0,0,0,0,1,0,0,0,0,0,0,0,1,0,11,11,11,24,18,24,22,33,88,121,4.666666667,4.916666667,0.0,372,17.98333333,0,0,1
2014-06-26,0,0,0,1,0,0,0,0,0,0,0,0,1,0,0,0,0,0,0,0,1,0,6,6,17,46,41,30,28,29,145,174,2.541666667,2.916666667,0.0,658,20.84166667,0,0,1
2014-06-27,0,0,0,0,1,0,0,0,0,0,0,0,1,0,0,0,0,0,0,0,1,0,7,6,10,33,27,34,21,23,115,138,2.566666667,5.0,0.0,325,24.15,0,0,1
2014-06-28,0,0,0,0,0,1,0,0,0,0,0,0,1,0,0,0,0,0,0,0,1,0,9,4,21,41,25,32,44,34,142,176,2.723076923,6.846153846,2.6,83,19.31538462,0,1,0
2014-06-29,0,0,0,0,0,0,1,0,0,0,0,0,1,0,0,0,0,0,0,0,1,0,2,2,7,25,18,23,24,11,90,101,5.064285714,6.428571429,5.9,113,17.31428571,0,1,0
2014-06-30,1,0,0,0,0,0,0,0,0,0,0,0,1,0,0,0,0,0,0,0,1,0,4,2,9,25,18,19,26,15,88,103,4.558333333,6.333333333,0.1,243,16.53333333,0,0,1
2014-07-01,0,1,0,0,0,0,0,0,0,0,0,0,0,1,0,0,0,0,0,0,1,0,3,3,15,17,13,39,17,21,86,107,2.158333333,4.416666667,0.0,387,20.725,0,0,1
2014-07-02,0,0,1,0,0,0,0,0,0,0,0,0,0,1,0,0,0,0,0,0,1,0,3,2,6,22,17,21,20,11,80,91,3.141666667,3.0,0.0,474,20.79166667,0,0,1
2014-07-03,0,0,0,1,0,0,0,0,0,0,0,0,0,1,0,0,0,0,0,0,1,0,3,2,7,23,17,20,11,12,71,83,3.466666667,0.916666667,0.0,672,25.95,0,0,1
2014-07-04,0,0,0,0,1,0,0,0,0,0,0,0,0,1,0,0,0,0,0,0,1,0,8,6,11,57,17,30,24,25,128,153,3.375,4.083333333,0.0,349,28.08333333,0,0,1
2014-07-05,0,0,0,0,0,1,0,0,0,0,0,0,0,1,0,0,0,0,0,0,1,0,14,3,15,51,37,20,27,32,135,167,3.4,7.307692308,0.2,59,21.25384615,0,1,0
2014-07-06,0,0,0,0,0,0,1,0,0,0,0,0,0,1,0,0,0,0,0,0,1,0,1,0,2,11,15,13,20,3,59,62,3.114285714,3.642857143,0.0,633,28.00714286,0,1,0
2014-07-07,1,0,0,0,0,0,0,0,0,0,0,0,0,1,0,0,0,0,0,0,1,0,3,7,14,30,17,22,17,24,86,110,2.983333333,6.166666667,0.0,191,21.53333333,0,0,1
2014-07-08,0,1,0,0,0,0,0,0,0,0,0,0,0,1,0,0,0,0,0,0,1,0,5,4,8,28,19,46,24,17,117,134,3.791666667,7.916666667,7.2,0,14.525,0,0,1
2014-07-09,0,0,1,0,0,0,0,0,0,0,0,0,0,1,0,0,0,0,0,0,1,0,8,5,11,17,17,22,17,24,73,97,4.183333333,7.0,7.5,0,12.6,0,0,1
2014-07-10,0,0,0,1,0,0,0,0,0,0,0,0,0,1,0,0,0,0,0,0,1,0,4,7,11,26,20,37,28,22,111,133,2.033333333,8.0,0.0,0,14.76666667,0,0,1
2014-07-11,0,0,0,0,1,0,0,0,0,0,0,0,0,1,0,0,0,0,0,0,1,0,7,7,22,26,22,37,28,36,113,149,2.991666667,6.0,0.3,317,21.175,0,0,1
2014-07-12,0,0,0,0,0,1,0,0,0,0,0,0,0,1,0,0,0,0,0,0,1,0,6,8,14,52,29,36,31,28,148,176,3.861538462,6.923076923,0.2,91,19.19230769,0,1,0
2014-07-13,0,0,0,0,0,0,1,0,0,0,0,0,0,1,0,0,0,0,0,0,1,0,4,5,10,42,27,30,29,19,128,147,3.228571429,6.928571429,0.5,161,19.91428571,0,1,0
2014-07-14,1,0,0,0,0,0,0,0,0,0,0,0,0,1,0,0,0,0,0,0,1,0,2,7,13,28,18,21,14,22,81,103,3.425,4.666666667,2.5,371,21.23333333,0,0,1
2014-07-15,0,1,0,0,0,0,0,0,0,0,0,0,0,1,0,0,0,0,0,0,1,0,5,2,4,15,17,14,15,11,61,72,2.408333333,2.666666667,0.0,494,23.2,0,0,1
2014-07-16,0,0,1,0,0,0,0,0,0,0,0,0,0,1,0,0,0,0,0,0,1,0,2,7,5,26,16,29,21,14,92,106,1.95,3.833333333,0.0,450,24.7,0,0,1
2014-07-17,0,0,0,1,0,0,0,0,0,0,0,0,0,1,0,0,0,0,0,0,1,0,6,1,15,32,13,31,22,22,98,120,1.816666667,1.583333333,0.0,658,26.78333333,0,0,1
2014-07-18,0,0,0,0,1,0,0,0,0,0,0,0,0,1,0,0,0,0,0,0,1,0,4,4,7,20,20,22,25,15,87,102,3.2,0.833333333,0.0,658,29.38333333,0,0,1
2014-07-19,0,0,0,0,0,1,0,0,0,0,0,0,0,1,0,0,0,0,0,0,1,0,1,2,8,32,16,35,30,11,113,124,2.638461538,0.384615385,0.0,572,30.40769231,0,1,0
2014-07-20,0,0,0,0,0,0,1,0,0,0,0,0,0,1,0,0,0,0,0,0,1,0,1,2,7,15,12,30,21,10,78,88,2.85,5.571428571,3.8,185,23.96428571,0,1,0
2014-07-21,1,0,0,0,0,0,0,0,0,0,0,0,0,1,0,0,0,0,0,0,1,0,9,4,13,22,15,27,22,26,86,112,3.791666667,7.666666667,0.0,7,19.93333333,0,0,1
2014-07-22,0,1,0,0,0,0,0,0,0,0,0,0,0,1,0,0,0,0,0,0,1,0,1,4,6,28,27,31,33,11,119,130,2.616666667,5.583333333,0.3,53,21.6,0,0,1
2014-07-23,0,0,1,0,0,0,0,0,0,0,0,0,0,1,0,0,0,0,0,0,1,0,4,11,15,27,23,23,12,30,85,115,3.583333333,3.083333333,0.0,564,25.3,0,0,1
2014-07-24,0,0,0,1,0,0,0,0,0,0,0,0,0,1,0,0,0,0,0,0,1,0,4,5,8,19,25,20,17,17,81,98,2.366666667,1.666666667,0.0,594,24.7,0,0,1
2014-07-25,0,0,0,0,1,0,0,0,0,0,0,0,0,1,0,0,0,0,0,0,1,0,5,5,15,31,21,30,24,25,106,131,2.058333333,4.416666667,0.1,328,23.01666667,0,0,1
2014-07-26,0,0,0,0,0,1,0,0,0,0,0,0,0,1,0,0,0,0,0,0,1,0,7,5,11,44,27,47,32,23,150,173,3.284615385,6.307692308,0.6,3,20.16923077,0,1,0
2014-07-27,0,0,0,0,0,0,1,0,0,0,0,0,0,1,0,0,0,0,0,0,1,0,7,3,10,18,18,25,14,20,75,95,3.85,4.928571429,0.0,459,23.62857143,0,1,0
2014-07-28,1,0,0,0,0,0,0,0,0,0,0,0,0,1,0,0,0,0,0,0,1,0,1,7,19,35,30,32,9,27,106,133,2.983333333,4.666666667,4.5,420,24.15833333,0,0,1
2014-07-29,0,1,0,0,0,0,0,0,0,0,0,0,0,1,0,0,0,0,0,0,1,0,2,6,5,37,17,25,17,13,96,109,2.316666667,7.833333333,0.1,9,18.68333333,0,0,1
2014-07-30,0,0,1,0,0,0,0,0,0,0,0,0,0,1,0,0,0,0,0,0,1,0,7,2,15,41,26,44,29,24,140,164,5.208333333,7.583333333,0.1,31,19.875,0,0,1
2014-07-31,0,0,0,1,0,0,0,0,0,0,0,0,0,1,0,0,0,0,0,0,1,0,3,2,17,21,25,20,18,22,84,106,1.733333333,2.416666667,0.0,431,22.76666667,0,0,1
2014-08-01,0,0,0,0,1,0,0,0,0,0,0,0,0,0,1,0,0,0,0,0,1,0,8,9,12,26,24,31,17,29,98,127,2.991666667,2.583333333,0.0,408,23.66666667,0,0,1
2014-08-02,0,0,0,0,0,1,0,0,0,0,0,0,0,0,1,0,0,0,0,0,1,0,5,4,11,38,22,40,19,20,119,139,2.207692308,6.230769231,1.3,221,22.15384615,0,1,0
2014-08-03,0,0,0,0,0,0,1,0,0,0,0,0,0,0,1,0,0,0,0,0,1,0,4,6,8,25,18,18,15,18,76,94,2.278571429,6.5,0.1,138,20.77142857,0,1,0
2014-08-04,1,0,0,0,0,0,0,0,0,0,0,0,0,0,1,0,0,0,0,0,1,0,6,7,7,25,15,29,19,20,88,108,3.025,5.0,4.2,353,21.85833333,0,0,1
2014-08-05,0,1,0,0,0,0,0,0,0,0,0,0,0,0,1,0,0,0,0,0,1,0,4,5,14,28,33,35,28,23,124,147,4.158333333,3.333333333,0.0,427,20.25833333,0,0,1
2014-08-06,0,0,1,0,0,0,0,0,0,0,0,0,0,0,1,0,0,0,0,0,1,0,8,2,8,38,26,38,26,18,128,146,2.258333333,5.5,0.0,306,22.075,0,0,1
2014-08-07,0,0,0,1,0,0,0,0,0,0,0,0,0,0,1,0,0,0,0,0,1,0,3,10,5,17,29,40,25,18,111,129,2.258333333,4.0,0.0,303,21.10833333,0,0,1
2014-08-08,0,0,0,0,1,0,0,0,0,0,0,0,0,0,1,0,0,0,0,0,1,0,8,2,13,40,24,38,20,23,122,145,3.0,3.166666667,0.0,511,25.06666667,0,0,1
2014-08-09,0,0,0,0,0,1,0,0,0,0,0,0,0,0,1,0,0,0,0,0,1,0,6,5,9,46,32,46,28,20,152,172,3.315384615,3.307692308,0.0,482,22.96153846,0,1,0
2014-08-10,0,0,0,0,0,0,1,0,0,0,0,0,0,0,1,0,0,0,0,0,1,0,3,5,3,19,16,19,20,11,74,85,3.478571429,7.071428571,0.8,240,25.08571429,0,1,0
2014-08-11,1,0,0,0,0,0,0,0,0,0,0,0,0,0,1,0,0,0,0,0,1,0,4,1,13,33,21,26,13,18,93,111,3.241666667,4.833333333,0.0,382,20.76666667,0,0,1
2014-08-12,0,1,0,0,0,0,0,0,0,0,0,0,0,0,1,0,0,0,0,0,1,0,2,2,9,24,27,47,20,13,118,131,2.508333333,6.166666667,0.0,251,20.00833333,0,0,1
2014-08-13,0,0,1,0,0,0,0,0,0,0,0,0,0,0,1,0,0,0,0,0,1,0,3,7,9,34,24,21,20,19,99,118,2.95,7.166666667,5.9,70,16.05833333,0,0,1
2014-08-14,0,0,0,1,0,0,0,0,0,0,0,0,0,0,1,0,0,0,0,0,1,0,3,3,9,25,16,30,24,15,95,110,2.608333333,7.166666667,3.0,174,16.70833333,0,0,1
2014-08-15,0,0,0,0,1,0,0,0,0,0,0,0,0,0,1,0,0,0,0,0,1,0,2,5,7,26,36,43,32,14,137,151,3.0,5.916666667,3.3,169,15.13333333,0,0,1
2014-08-16,0,0,0,0,0,1,0,0,0,0,0,0,0,0,1,0,0,0,0,0,1,0,6,6,4,47,33,45,32,16,157,173,4.515384615,4.692307692,0.9,301,16.28461538,0,1,0
2014-08-17,0,0,0,0,0,0,1,0,0,0,0,0,0,0,1,0,0,0,0,0,1,0,3,6,7,23,22,28,1,16,74,90,3.7,3.571428571,0.0,497,19.02142857,0,1,0
2014-08-18,1,0,0,0,0,0,0,0,0,0,0,0,0,0,1,0,0,0,0,0,1,0,4,3,8,20,17,24,15,15,76,91,4.691666667,7.666666667,0.0,15,16.28333333,0,0,1
2014-08-19,0,1,0,0,0,0,0,0,0,0,0,0,0,0,1,0,0,0,0,0,1,0,6,4,7,22,15,47,22,17,106,123,2.983333333,5.166666667,0.0,275,17.58333333,0,0,1
2014-08-20,0,0,1,0,0,0,0,0,0,0,0,0,0,0,1,0,0,0,0,0,1,0,7,7,14,41,33,27,24,28,125,153,2.141666667,5.666666667,0.0,241,16.29166667,0,0,1
2014-08-21,0,0,0,1,0,0,0,0,0,0,0,0,0,0,1,0,0,0,0,0,1,0,4,7,15,31,29,34,21,26,115,141,2.441666667,5.166666667,0.0,355,17.3,0,0,1
2014-08-22,0,0,0,0,1,0,0,0,0,0,0,0,0,0,1,0,0,0,0,0,1,0,4,4,14,19,26,24,18,22,87,109,2.8,6.416666667,0.0,224,18.33333333,0,0,1
2014-08-23,0,0,0,0,0,1,0,0,0,0,0,0,0,0,1,0,0,0,0,0,1,0,8,6,17,57,43,54,34,31,188,219,2.684615385,7.307692308,2.9,64,14.65384615,0,1,0
2014-08-24,0,0,0,0,0,0,1,0,0,0,0,0,0,0,1,0,0,0,0,0,1,0,1,1,5,19,10,20,7,7,56,63,3.7,4.5,0.0,449,15.19285714,0,1,0
2014-08-25,1,0,0,0,0,0,0,0,0,0,0,0,0,0,1,0,0,0,0,0,1,0,3,5,8,22,15,31,24,16,92,108,2.366666667,7.5,0.0,75,17.31666667,0,0,1
2014-08-26,0,1,0,0,0,0,0,0,0,0,0,0,0,0,1,0,0,0,0,0,1,0,5,8,3,32,21,25,22,16,100,116,2.6,7.75,26.4,40,17.125,0,0,1
2014-08-27,0,0,1,0,0,0,0,0,0,0,0,0,0,0,1,0,0,0,0,0,1,0,8,10,5,23,25,30,21,23,99,122,1.541666667,4.583333333,0.0,275,17.65,0,0,1
2014-08-28,0,0,0,1,0,0,0,0,0,0,0,0,0,0,1,0,0,0,0,0,1,0,1,6,10,22,21,19,28,17,90,107,1.608333333,5.166666667,0.0,392,21.525,0,0,1
2014-08-29,0,0,0,0,1,0,0,0,0,0,0,0,0,0,1,0,0,0,0,0,1,0,6,3,10,36,38,47,25,19,146,165,2.625,7.083333333,0.3,195,20.9,0,0,1
2014-08-30,0,0,0,0,0,1,0,0,0,0,0,0,0,0,1,0,0,0,0,0,1,0,3,2,12,40,21,43,23,17,127,144,2.561538462,5.230769231,0.0,422,20.33076923,0,1,0
2014-08-31,0,0,0,0,0,0,1,0,0,0,0,0,0,0,1,0,0,0,0,0,1,0,2,8,6,11,4,13,11,16,39,55,2.985714286,7.785714286,20.2,54,13.90714286,0,1,0
2014-09-01,1,0,0,0,0,0,0,0,0,0,0,0,0,0,0,1,0,0,0,0,1,0,1,0,10,26,27,25,14,11,92,103,2.091666667,7.833333333,0.0,23,14.81666667,0,0,1
2014-09-02,0,1,0,0,0,0,0,0,0,0,0,0,0,0,0,1,0,0,0,0,1,0,3,3,11,32,26,40,21,17,119,136,1.875,7.583333333,0.1,45,15.95833333,0,0,1
2014-09-03,0,0,1,0,0,0,0,0,0,0,0,0,0,0,0,1,0,0,0,0,1,0,3,4,10,17,24,31,11,17,83,100,2.866666667,8.0,0.0,0,15.88333333,0,0,1
2014-09-04,0,0,0,1,0,0,0,0,0,0,0,0,0,0,0,1,0,0,0,0,1,0,6,4,9,28,32,30,21,19,111,130,1.641666667,7.75,0.0,0,17.71666667,0,0,1
2014-09-05,0,0,0,0,1,0,0,0,0,0,0,0,0,0,0,1,0,0,0,0,1,0,4,3,9,32,24,24,19,16,99,115,1.808333333,4.083333333,0.0,496,22.45,0,0,1
2014-09-06,0,0,0,0,0,1,0,0,0,0,0,0,0,0,0,1,0,0,0,0,1,0,2,4,6,27,24,29,16,12,96,108,1.4,3.769230769,0.0,355,22.19230769,0,1,0
2014-09-07,0,0,0,0,0,0,1,0,0,0,0,0,0,0,0,1,0,0,0,0,1,0,6,3,4,16,12,17,22,13,67,80,2.078571429,5.0,0.0,460,21.51428571,0,1,0
2014-09-08,1,0,0,0,0,0,0,0,0,0,0,0,0,0,0,1,0,0,0,0,1,0,3,5,9,29,23,21,20,17,93,110,1.983333333,4.75,0.0,446,23.025,0,0,1
2014-09-09,0,1,0,0,0,0,0,0,0,0,0,0,0,0,0,1,0,0,0,0,1,0,2,9,8,28,17,34,10,19,89,108,2.3,2.666666667,0.0,455,20.63333333,0,0,1
2014-09-10,0,0,1,0,0,0,0,0,0,0,0,0,0,0,0,1,0,0,0,0,1,0,4,6,22,36,30,32,31,32,129,161,2.841666667,4.25,0.0,414,17.04166667,0,0,1
2014-09-11,0,0,0,1,0,0,0,0,0,0,0,0,0,0,0,1,0,0,0,0,1,0,4,8,6,30,23,25,13,18,91,109,2.916666667,6.166666667,2.2,47,13.26666667,0,0,1
2014-09-12,0,0,0,0,1,0,0,0,0,0,0,0,0,0,0,1,0,0,0,0,1,0,1,4,5,19,25,40,19,10,103,113,5.316666667,7.916666667,12.2,0,12.25833333,0,0,1
2014-09-13,0,0,0,0,0,1,0,0,0,0,0,0,0,0,0,1,0,0,0,0,1,0,4,6,17,45,28,52,28,27,153,180,1.415384615,7.846153846,0.7,0,14.96153846,0,1,0
2014-09-14,0,0,0,0,0,0,1,0,0,0,0,0,0,0,0,1,0,0,0,0,1,0,3,8,10,13,12,16,14,21,55,76,1.971428571,6.0,0.0,178,17.51428571,0,1,0
2014-09-15,1,0,0,0,0,0,0,0,0,0,0,0,0,0,0,1,0,0,0,0,1,0,2,2,9,22,10,14,20,13,66,79,2.033333333,6.416666667,0.0,95,18.025,0,0,1
2014-09-16,0,1,0,0,0,0,0,0,0,0,0,0,0,0,0,1,0,0,0,0,1,0,5,4,13,26,20,14,9,22,69,91,2.25,3.333333333,0.0,425,20.39166667,0,0,1
2014-09-17,0,0,1,0,0,0,0,0,0,0,0,0,0,0,0,1,0,0,0,0,1,0,2,5,9,28,20,22,20,16,90,106,2.666666667,1.5,0.0,546,21.73333333,0,0,1
2014-09-18,0,0,0,1,0,0,0,0,0,0,0,0,0,0,0,1,0,0,0,0,1,0,9,0,8,37,20,27,16,17,100,117,1.608333333,5.75,1.1,250,20.95833333,0,0,1
2014-09-19,0,0,0,0,1,0,0,0,0,0,0,0,0,0,0,1,0,0,0,0,1,0,3,3,14,40,29,30,25,20,124,144,2.058333333,5.166666667,8.0,248,20.31666667,0,0,1
2014-09-20,0,0,0,0,0,1,0,0,0,0,0,0,0,0,0,1,0,0,0,0,1,0,8,3,8,43,25,43,28,19,139,158,2.276923077,3.615384615,0.0,407,20.86923077,0,1,0
2014-09-21,0,0,0,0,0,0,1,0,0,0,0,0,0,0,0,1,0,0,0,0,1,0,3,1,2,16,7,11,19,6,53,59,4.142857143,7.142857143,7.8,104,16.59285714,0,1,0
2014-09-22,1,0,0,0,0,0,0,0,0,0,0,0,0,0,0,1,0,0,0,0,1,0,7,6,8,26,13,20,11,21,70,91,4.308333333,4.833333333,2.3,72,11.125,0,0,1
2014-09-23,0,1,0,0,0,0,0,0,0,0,0,0,0,0,0,1,0,0,0,0,1,0,3,0,11,24,23,22,18,14,87,101,1.983333333,2.5,0.0,404,12.3,0,0,1
2014-09-24,0,0,1,0,0,0,0,0,0,0,0,0,0,0,0,1,0,0,0,0,1,0,2,6,6,34,23,32,21,14,110,124,2.058333333,6.833333333,0.1,220,14.28333333,0,0,1
2014-09-25,0,0,0,1,0,0,0,0,0,0,0,0,0,0,0,1,0,0,0,0,1,0,4,5,11,32,23,32,16,20,103,123,3.566666667,6.75,0.0,152,14.41666667,0,0,1
2014-09-26,0,0,0,0,1,0,0,0,0,0,0,0,0,0,0,1,0,0,0,0,1,0,5,4,14,37,33,36,23,23,129,152,3.333333333,2.916666667,0.0,465,16.3,0,0,1
2014-09-27,0,0,0,0,0,1,0,0,0,0,0,0,0,0,0,1,0,0,0,0,1,0,8,4,10,27,30,29,22,22,108,130,2.153846154,3.615384615,0.0,280,17.33076923,0,1,0
2014-09-28,0,0,0,0,0,0,1,0,0,0,0,0,0,0,0,1,0,0,0,0,1,0,1,3,5,14,17,12,14,9,57,66,1.878571429,2.428571429,0.0,601,18.92142857,0,1,0
2014-09-29,1,0,0,0,0,0,0,0,0,0,0,0,0,0,0,1,0,0,0,0,1,0,0,5,17,18,30,25,17,22,90,112,2.041666667,4.25,0.0,406,21.74166667,0,0,1
2014-09-30,0,1,0,0,0,0,0,0,0,0,0,0,0,0,0,1,0,0,0,0,1,0,2,5,5,20,29,26,20,12,95,107,1.516666667,6.666666667,0.9,29,17.79166667,0,0,1
2014-10-01,0,0,1,0,0,0,0,0,0,0,0,0,0,0,0,0,1,0,0,0,1,0,2,5,8,35,16,18,17,15,86,101,1.683333333,2.916666667,0.0,324,18.34166667,0,0,1
2014-10-02,0,0,0,1,0,0,0,0,0,0,0,0,0,0,0,0,1,0,0,0,1,0,5,5,7,39,30,30,16,17,115,132,1.625,1.333333333,0.0,396,18.09166667,0,0,1
2014-10-03,0,0,0,0,1,0,0,0,0,0,0,0,0,0,0,0,1,0,0,0,1,0,3,5,9,30,16,33,25,17,104,121,2.733333333,1.833333333,0.0,471,17.13333333,1,0,0
2014-10-04,0,0,0,0,0,1,0,0,0,0,0,0,0,0,0,0,1,0,0,0,1,0,5,1,15,35,20,38,26,21,119,140,3.630769231,1.0,0.0,483,13.86153846,0,1,0
2014-10-05,0,0,0,0,0,0,1,0,0,0,0,0,0,0,0,0,1,0,0,0,1,0,0,1,4,18,20,17,12,5,67,72,2.692857143,3.071428571,0.0,380,14.86428571,0,1,0
2014-10-06,1,0,0,0,0,0,0,0,0,0,0,0,0,0,0,0,1,0,0,0,1,0,7,3,10,22,21,17,19,20,79,99,2.991666667,3.833333333,0.0,172,14.0,0,0,1
2014-10-07,0,1,0,0,0,0,0,0,0,0,0,0,0,0,0,0,1,0,0,0,1,0,3,8,8,24,9,26,20,19,79,98,4.408333333,7.666666667,0.7,10,16.175,0,0,1
2014-10-08,0,0,1,0,0,0,0,0,0,0,0,0,0,0,0,0,1,0,0,0,1,0,4,2,3,20,18,25,17,9,80,89,3.625,7.583333333,0.1,82,18.83333333,0,0,1
2014-10-09,0,0,0,1,0,0,0,0,0,0,0,0,0,0,0,0,1,0,0,0,1,0,3,7,3,32,28,24,11,13,95,108,2.891666667,6.166666667,0.0,290,21.4,0,0,1
2014-10-10,0,0,0,0,1,0,0,0,0,0,0,0,0,0,0,0,1,0,0,0,1,0,4,6,11,30,23,33,14,21,100,121,1.333333333,7.083333333,0.5,0,16.28333333,0,0,1
2014-10-11,0,0,0,0,0,1,0,0,0,0,0,0,0,0,0,0,1,0,0,0,1,0,4,6,12,46,41,49,32,22,168,190,2.115384615,6.153846154,0.0,44,16.27692308,0,1,0
2014-10-12,0,0,0,0,0,0,1,0,0,0,0,0,0,0,0,0,1,0,0,0,1,0,2,6,3,23,18,25,18,11,84,95,2.235714286,5.928571429,0.0,241,16.45,0,1,0
2014-10-13,1,0,0,0,0,0,0,0,0,0,0,0,0,0,0,0,1,0,0,0,1,0,2,3,5,14,20,13,7,10,54,64,2.508333333,7.5,0.8,3,16.04166667,0,0,1
2014-10-14,0,1,0,0,0,0,0,0,0,0,0,0,0,0,0,0,1,0,0,0,1,0,2,6,9,18,12,16,13,17,59,76,2.5,2.166666667,0.0,404,17.9,0,0,1
2014-10-15,0,0,1,0,0,0,0,0,0,0,0,0,0,0,0,0,1,0,0,0,1,0,1,3,1,18,11,12,9,5,50,55,1.258333333,5.083333333,0.0,206,17.0,0,0,1
2014-10-16,0,0,0,1,0,0,0,0,0,0,0,0,0,0,0,0,1,0,0,0,1,0,3,2,8,29,22,27,25,13,103,116,3.233333333,7.416666667,0.4,11,15.9,0,0,1
2014-10-17,0,0,0,0,1,0,0,0,0,0,0,0,0,0,0,0,1,0,0,0,1,0,8,3,16,26,17,26,20,27,89,116,2.825,5.25,0.0,107,15.31666667,0,0,1
2014-10-18,0,0,0,0,0,1,0,0,0,0,0,0,0,0,0,0,1,0,0,0,1,0,4,4,15,36,33,52,36,23,157,180,3.053846154,1.538461538,0.0,502,18.03076923,0,1,0
2014-10-19,0,0,0,0,0,0,1,0,0,0,0,0,0,0,0,0,1,0,0,0,1,0,4,4,4,19,16,16,15,12,66,78,3.15,2.142857143,0.0,527,19.95,0,1,0
2014-10-20,1,0,0,0,0,0,0,0,0,0,0,0,0,0,0,0,1,0,0,0,1,0,6,4,5,20,20,31,25,15,96,111,3.066666667,7.916666667,0.0,10,17.14166667,0,0,1
2014-10-21,0,1,0,0,0,0,0,0,0,0,0,0,0,0,0,0,1,0,0,0,1,0,3,6,8,24,25,14,12,17,75,92,6.066666667,6.25,1.6,167,14.725,0,0,1
2014-10-22,0,0,1,0,0,0,0,0,0,0,0,0,0,0,0,0,1,0,0,0,1,0,2,4,3,25,17,30,18,9,90,99,8.95,7.416666667,0.0,12,7.55,0,0,1
2014-10-23,0,0,0,1,0,0,0,0,0,0,0,0,0,0,0,0,1,0,0,0,1,0,2,1,3,17,17,28,21,6,83,89,3.475,6.666666667,0.0,131,9.716666667,0,0,1
2014-10-24,0,0,0,0,1,0,0,0,0,0,0,0,0,0,0,0,1,0,0,0,1,0,3,7,10,39,30,39,29,20,137,157,2.308333333,2.583333333,0.0,420,11.1,0,0,1
2014-10-25,0,0,0,0,0,1,0,0,0,0,0,0,0,0,0,0,1,0,0,0,1,0,8,2,14,37,47,48,49,24,181,205,1.246153846,8.0,0.0,24,12.20769231,0,1,0
2014-10-26,0,0,0,0,0,0,1,0,0,0,0,0,0,0,0,0,1,0,0,0,1,0,5,2,6,11,20,12,16,13,59,72,1.671428571,2.571428571,0.0,316,13.55714286,0,1,0
2014-10-27,1,0,0,0,0,0,0,0,0,0,0,0,0,0,0,0,1,0,0,0,1,0,4,5,8,9,12,11,14,17,46,63,3.608333333,5.166666667,0.0,360,9.5,0,0,1
2014-10-28,0,1,0,0,0,0,0,0,0,0,0,0,0,0,0,0,1,0,0,0,1,0,4,4,5,42,23,29,18,13,112,125,1.916666667,4.75,0.0,0,7.583333333,0,0,1
2014-10-29,0,0,1,0,0,0,0,0,0,0,0,0,0,0,0,0,1,0,0,0,1,0,2,2,4,17,20,22,12,8,71,79,1.533333333,4.0,0.0,285,11.025,0,0,1
2014-10-30,0,0,0,1,0,0,0,0,0,0,0,0,0,0,0,0,1,0,0,0,1,0,4,2,10,36,32,25,19,16,112,128,1.733333333,7.0,0.0,0,12.35833333,0,0,1
2014-10-31,0,0,0,0,1,0,0,0,0,0,0,0,0,0,0,0,1,0,0,0,1,0,6,7,6,37,27,46,24,19,134,153,2.05,7.916666667,0.0,222,15.04166667,0,0,1
2014-11-01,0,0,0,0,0,1,0,0,0,0,0,0,0,0,0,0,0,1,0,0,1,0,5,3,11,52,34,40,32,19,158,177,1.738461538,2.0,0.0,397,14.50769231,1,1,0
2014-11-02,0,0,0,0,0,0,1,0,0,0,0,0,0,0,0,0,0,1,0,0,1,0,1,3,4,19,9,33,13,8,74,82,2.235714286,2.071428571,0.0,512,13.40714286,0,1,0
2014-11-03,1,0,0,0,0,0,0,0,0,0,0,0,0,0,0,0,0,1,0,0,1,0,1,5,13,29,24,28,24,19,105,124,2.508333333,7.333333333,0.0,106,15.35833333,0,0,1
2014-11-04,0,1,0,0,0,0,0,0,0,0,0,0,0,0,0,0,0,1,0,0,1,0,5,6,7,28,25,26,21,18,100,118,2.916666667,4.166666667,0.0,102,11.7,0,0,1
2014-11-05,0,0,1,0,0,0,0,0,0,0,0,0,0,0,0,0,0,1,0,0,1,0,3,3,7,35,17,31,16,13,99,112,2.416666667,8.0,10.9,0,7.116666667,0,0,1
2014-11-06,0,0,0,1,0,0,0,0,0,0,0,0,0,0,0,0,0,1,0,0,1,0,6,5,12,21,24,34,24,23,103,126,1.633333333,5.25,0.0,62,7.75,0,0,1
2014-11-07,0,0,0,0,1,0,0,0,0,0,0,0,0,0,0,0,0,1,0,0,1,0,5,3,11,32,33,44,26,19,135,154,2.825,5.75,0.0,230,10.43333333,0,0,1
2014-11-08,0,0,0,0,0,1,0,0,0,0,0,0,0,0,0,0,0,1,0,0,1,0,9,9,20,51,65,76,62,38,254,292,2.184615385,1.384615385,0.0,350,10.45384615,0,1,0
2014-11-09,0,0,0,0,0,0,1,0,0,0,0,0,0,0,0,0,0,1,0,0,1,0,0,1,8,19,17,2,23,9,61,70,2.057142857,4.928571429,0.0,299,9.15,0,1,0
2014-11-10,1,0,0,0,0,0,0,0,0,0,0,0,0,0,0,0,0,1,0,0,1,0,2,0,7,19,15,23,15,9,72,81,2.033333333,4.416666667,1.8,0,7.991666667,0,0,1
2014-11-11,0,1,0,0,0,0,0,0,0,0,0,0,0,0,0,0,0,1,0,0,1,0,4,7,4,22,20,17,22,15,81,96,1.391666667,5.833333333,0.0,55,7.725,0,0,1
2014-11-12,0,0,1,0,0,0,0,0,0,0,0,0,0,0,0,0,0,1,0,0,1,0,13,3,5,28,38,39,19,21,124,145,1.533333333,7.916666667,1.3,0,7.8,0,0,1
2014-11-13,0,0,0,1,0,0,0,0,0,0,0,0,0,0,0,0,0,1,0,0,1,0,3,1,12,28,32,25,15,16,100,116,1.5,7.916666667,0.0,0,9.65,0,0,1
2014-11-14,0,0,0,0,1,0,0,0,0,0,0,0,0,0,0,0,0,1,0,0,1,0,1,4,6,31,32,36,26,11,125,136,2.75,3.666666667,0.0,267,9.991666667,0,0,1
2014-11-15,0,0,0,0,0,1,0,0,0,0,0,0,0,0,0,0,0,1,0,0,1,0,8,11,19,54,46,57,56,38,213,251,2.138461538,6.923076923,3.9,122,9.730769231,0,1,0
2014-11-16,0,0,0,0,0,0,1,0,0,0,0,0,0,0,0,0,0,1,0,0,1,0,2,2,8,25,11,41,12,12,89,101,2.764285714,6.571428571,0.6,93,9.671428571,0,1,0
2014-11-17,1,0,0,0,0,0,0,0,0,0,0,0,0,0,0,0,0,1,0,0,1,0,3,6,7,23,16,24,20,16,83,99,2.166666667,7.416666667,0.0,23,7.4,0,0,1
2014-11-18,0,1,0,0,0,0,0,0,0,0,0,0,0,0,0,0,0,1,0,0,1,0,4,2,7,30,22,39,17,13,108,121,3.591666667,7.416666667,4.2,0,7.191666667,0,0,1
2014-11-19,0,0,1,0,0,0,0,0,0,0,0,0,0,0,0,0,0,1,0,0,1,0,8,6,11,36,39,36,28,25,139,164,1.583333333,7.0,0.1,0,7.133333333,0,0,1
2014-11-20,0,0,0,1,0,0,0,0,0,0,0,0,0,0,0,0,0,1,0,0,1,0,2,6,7,25,30,27,22,15,104,119,2.7,7.916666667,0.0,3,6.0,0,0,1
2014-11-21,0,0,0,0,1,0,0,0,0,0,0,0,0,0,0,0,0,1,0,0,1,0,3,8,13,42,17,29,32,24,120,144,2.375,7.833333333,0.0,1,7.266666667,0,0,1
2014-11-22,0,0,0,0,0,1,0,0,0,0,0,0,0,0,0,0,0,1,0,0,1,0,6,8,12,62,49,70,59,26,240,266,1.576923077,2.692307692,0.0,318,10.49230769,0,1,0
2014-11-23,0,0,0,0,0,0,1,0,0,0,0,0,0,0,0,0,0,1,0,0,1,0,1,5,7,26,16,20,19,13,81,94,3.471428571,1.214285714,0.0,440,8.75,0,1,0
2014-11-24,1,0,0,0,0,0,0,0,0,0,0,0,0,0,0,0,0,1,0,0,1,0,0,7,8,18,14,30,15,15,77,92,2.458333333,7.5,0.0,115,8.558333333,0,0,1
2014-11-25,0,1,0,0,0,0,0,0,0,0,0,0,0,0,0,0,0,1,0,0,1,0,1,6,10,22,25,30,19,17,96,113,4.516666667,8.0,0.0,6,8.141666667,0,0,1
2014-11-26,0,0,1,0,0,0,0,0,0,0,0,0,0,0,0,0,0,1,0,0,1,0,1,7,4,40,23,17,13,12,93,105,3.241666667,8.0,0.0,0,6.175,0,0,1
2014-11-27,0,0,0,1,0,0,0,0,0,0,0,0,0,0,0,0,0,1,0,0,1,0,1,3,6,16,23,36,13,10,88,98,3.141666667,6.5,0.0,107,6.475,0,0,1
2014-11-28,0,0,0,0,1,0,0,0,0,0,0,0,0,0,0,0,0,1,0,0,1,0,4,6,8,37,36,33,25,18,131,149,3.725,4.416666667,0.0,284,4.3,0,0,1
2014-11-29,0,0,0,0,0,1,0,0,0,0,0,0,0,0,0,0,0,1,0,0,1,0,14,10,18,40,44,64,45,42,193,235,4.115384615,8.0,0.0,0,2.807692308,0,1,0
2014-11-30,0,0,0,0,0,0,1,0,0,0,0,0,0,0,0,0,0,1,0,0,1,0,3,3,10,17,11,25,14,16,67,83,2.742857143,8.0,0.0,0,2.521428571,0,1,0
2014-12-01,1,0,0,0,0,0,0,0,0,0,0,0,0,0,0,0,0,0,1,0,1,0,1,2,8,19,11,23,15,11,68,79,3.066666667,8.0,0.3,0,3.25,0,0,1
2014-12-02,0,1,0,0,0,0,0,0,0,0,0,0,0,0,0,0,0,0,1,0,1,0,3,5,5,22,12,24,19,13,77,90,1.775,8.0,0.4,0,2.741666667,0,0,1
2014-12-03,0,0,1,0,0,0,0,0,0,0,0,0,0,0,0,0,0,0,1,0,1,0,4,4,10,37,20,41,29,18,127,145,2.216666667,8.0,0.0,0,2.516666667,0,0,1
2014-12-04,0,0,0,1,0,0,0,0,0,0,0,0,0,0,0,0,0,0,1,0,1,0,3,5,10,24,23,34,15,18,96,114,1.466666667,7.916666667,0.0,0,3.891666667,0,0,1
2014-12-05,0,0,0,0,1,0,0,0,0,0,0,0,0,0,0,0,0,0,1,0,1,0,3,4,9,38,29,30,29,16,126,142,1.566666667,8.0,0.1,0,3.0,0,0,1
2014-12-06,0,0,0,0,0,1,0,0,0,0,0,0,0,0,0,0,0,0,1,0,1,0,11,13,11,27,37,45,37,35,146,181,2.384615385,7.923076923,0.0,0,3.792307692,0,1,0
2014-12-07,0,0,0,0,0,0,1,0,0,0,0,0,0,0,0,0,0,0,1,0,1,0,2,3,10,25,12,20,7,15,64,79,2.085714286,7.428571429,0.0,0,2.9,0,1,0
2014-12-08,1,0,0,0,0,0,0,0,0,0,0,0,0,0,0,0,0,0,1,0,1,0,0,2,7,19,20,20,19,9,78,87,1.658333333,6.25,0.0,32,4.05,0,0,1
2014-12-09,0,1,0,0,0,0,0,0,0,0,0,0,0,0,0,0,0,0,1,0,1,0,4,6,12,34,19,39,22,22,114,136,1.3,8.0,0.0,0,1.95,0,0,1
2014-12-10,0,0,1,0,0,0,0,0,0,0,0,0,0,0,0,0,0,0,1,0,1,0,6,3,5,29,23,21,18,14,91,105,3.625,7.166666667,1.6,2,3.458333333,0,0,1
2014-12-11,0,0,0,1,0,0,0,0,0,0,0,0,0,0,0,0,0,0,1,0,1,0,1,10,13,24,23,34,26,24,107,131,5.45,6.75,0.0,71,6.308333333,0,0,1
2014-12-12,0,0,0,0,1,0,0,0,0,0,0,0,0,0,0,0,0,0,1,0,1,0,8,7,11,35,20,26,27,26,108,134,5.95,7.5,0.0,76,9.325,0,0,1
2014-12-13,0,0,0,0,0,1,0,0,0,0,0,0,0,0,0,0,0,0,1,0,1,0,13,8,18,60,56,87,82,39,285,324,3.223076923,7.692307692,0.0,57,10.41538462,0,1,0
2014-12-14,0,0,0,0,0,0,1,0,0,0,0,0,0,0,0,0,0,0,1,0,1,0,2,1,3,21,10,21,12,6,64,70,1.435714286,8.0,0.9,0,8.071428571,0,1,0
2014-12-15,1,0,0,0,0,0,0,0,0,0,0,0,0,0,0,0,0,0,1,0,1,0,0,4,9,22,20,25,19,13,86,99,1.475,5.583333333,0.0,44,6.925,0,0,1
2014-12-16,0,1,0,0,0,0,0,0,0,0,0,0,0,0,0,0,0,0,1,0,1,0,3,5,10,26,20,22,19,18,87,105,2.0,7.833333333,0.4,0,5.891666667,0,0,1
2014-12-17,0,0,1,0,0,0,0,0,0,0,0,0,0,0,0,0,0,0,1,0,1,0,4,5,12,14,23,33,26,21,96,117,3.641666667,7.75,2.0,0,5.208333333,0,0,1
2014-12-18,0,0,0,1,0,0,0,0,0,0,0,0,0,0,0,0,0,0,1,0,1,0,6,3,11,32,19,51,16,20,118,138,3.441666667,6.25,2.0,0,11.59166667,0,0,1
2014-12-19,0,0,0,0,1,0,0,0,0,0,0,0,0,0,0,0,0,0,1,0,1,0,7,4,16,34,20,43,28,27,125,152,4.908333333,7.416666667,4.6,0,10.54166667,0,0,1
2014-12-20,0,0,0,0,0,1,0,0,0,0,0,0,0,0,0,0,0,0,1,0,1,0,6,8,13,30,27,43,38,27,138,165,6.369230769,7.846153846,0.0,13,6.353846154,0,1,0
2014-12-21,0,0,0,0,0,0,1,0,0,0,0,0,0,0,0,0,0,0,1,0,1,0,3,2,9,21,10,14,5,14,50,64,3.485714286,6.928571429,0.0,149,6.3,0,1,0
2014-12-22,1,0,0,0,0,0,0,0,0,0,0,0,0,0,0,0,0,0,1,0,1,0,6,3,8,33,36,56,32,17,157,174,2.091666667,6.333333333,0.0,106,7.616666667,0,0,1
2014-12-23,0,1,0,0,0,0,0,0,0,0,0,0,0,0,0,0,0,0,1,0,1,0,4,2,5,18,23,28,14,11,83,94,1.766666667,0.666666667,0.0,356,6.466666667,0,0,1
2014-12-27,0,0,0,0,0,1,0,0,0,0,0,0,0,0,0,0,0,0,1,0,1,0,0,4,7,28,24,38,25,11,115,126,3.407692308,6.923076923,5.1,25,1.5,0,1,0
2014-12-28,0,0,0,0,0,0,1,0,0,0,0,0,0,0,0,0,0,0,1,0,1,0,5,3,4,15,7,12,9,12,43,55,3.442857143,3.0,0.1,50,-5.942857143,0,1,0
2014-12-29,1,0,0,0,0,0,0,0,0,0,0,0,0,0,0,0,0,0,1,0,1,0,6,4,12,29,14,37,30,22,110,132,3.391666667,7.833333333,0.2,0,-3.025,0,0,1
2014-12-30,0,1,0,0,0,0,0,0,0,0,0,0,0,0,0,0,0,0,1,0,1,0,6,3,4,33,22,35,22,13,112,125,4.708333333,7.916666667,0.7,0,0.016666667,0,0,1
2015-01-01,0,0,0,1,0,0,0,1,0,0,0,0,0,0,0,0,0,0,0,0,0,1,2,5,2,5,20,18,11,9,54,63,2.141666667,8.0,0.0,0,0.975,1,0,0
2015-01-02,0,0,0,0,1,0,0,1,0,0,0,0,0,0,0,0,0,0,0,0,0,1,2,3,12,31,37,39,28,17,135,152,3.283333333,7.583333333,2.7,0,3.825,0,0,1
2015-01-03,0,0,0,0,0,1,0,1,0,0,0,0,0,0,0,0,0,0,0,0,0,1,8,0,7,43,33,36,31,15,143,158,3.546153846,6.923076923,13.0,0,4.107692308,0,1,0
2015-01-04,0,0,0,0,0,0,1,1,0,0,0,0,0,0,0,0,0,0,0,0,0,1,4,2,6,20,25,14,11,12,70,82,4.621428571,6.0,0.0,164,2.971428571,0,1,0
2015-01-05,1,0,0,0,0,0,0,1,0,0,0,0,0,0,0,0,0,0,0,0,0,1,9,7,15,46,47,44,35,31,172,203,1.516666667,0.083333333,0.0,393,2.958333333,0,0,1
2015-01-06,0,1,0,0,0,0,0,1,0,0,0,0,0,0,0,0,0,0,0,0,0,1,2,7,10,24,18,28,17,19,87,106,1.825,4.75,0.0,319,1.916666667,1,0,0
2015-01-07,0,0,1,0,0,0,0,1,0,0,0,0,0,0,0,0,0,0,0,0,0,1,4,6,16,26,26,23,15,26,90,116,1.8,6.333333333,0.0,81,2.216666667,0,0,1
2015-01-08,0,0,0,1,0,0,0,1,0,0,0,0,0,0,0,0,0,0,0,0,0,1,2,2,6,24,13,23,12,10,72,82,5.35,7.833333333,0.2,0,8.183333333,0,0,1
2015-01-09,0,0,0,0,1,0,0,1,0,0,0,0,0,0,0,0,0,0,0,0,0,1,2,3,8,33,21,28,17,13,99,112,5.533333333,7.666666667,1.9,0,9.5,0,0,1
2015-01-10,0,0,0,0,0,1,0,1,0,0,0,0,0,0,0,0,0,0,0,0,0,1,8,12,17,47,34,52,50,37,183,220,7.192307692,6.692307692,0.9,157,13.39230769,0,1,0
2015-01-11,0,0,0,0,0,0,1,1,0,0,0,0,0,0,0,0,0,0,0,0,0,1,2,1,13,18,16,29,18,16,81,97,7.571428571,5.714285714,0.0,170,3.857142857,0,1,0
2015-01-12,1,0,0,0,0,0,0,1,0,0,0,0,0,0,0,0,0,0,0,0,0,1,3,1,9,15,14,18,18,13,65,78,3.608333333,5.583333333,0.0,126,6.175,0,0,1
2015-01-13,0,1,0,0,0,0,0,1,0,0,0,0,0,0,0,0,0,0,0,0,0,1,2,1,11,17,27,28,23,14,95,109,4.033333333,3.416666667,0.0,393,12.425,0,0,1
2015-01-14,0,0,1,0,0,0,0,1,0,0,0,0,0,0,0,0,0,0,0,0,0,1,7,4,10,32,24,28,20,21,104,125,4.908333333,4.833333333,3.7,39,5.208333333,0,0,1
2015-01-15,0,0,0,1,0,0,0,1,0,0,0,0,0,0,0,0,0,0,0,0,0,1,5,7,8,27,22,32,21,20,102,122,4.008333333,7.5,0.0,0,8.591666667,0,0,1
2015-01-16,0,0,0,0,1,0,0,1,0,0,0,0,0,0,0,0,0,0,0,0,0,1,7,5,9,36,24,45,18,21,123,144,1.433333333,7.083333333,1.2,0,5.966666667,0,0,1
2015-01-17,0,0,0,0,0,1,0,1,0,0,0,0,0,0,0,0,0,0,0,0,0,1,9,12,12,31,31,56,27,33,145,178,2.138461538,7.076923077,1.5,0,3.153846154,0,1,0
2015-01-18,0,0,0,0,0,0,1,1,0,0,0,0,0,0,0,0,0,0,0,0,0,1,5,4,5,15,17,26,3,14,61,75,2.864285714,5.785714286,0.0,190,1.542857143,0,1,0
2015-01-19,1,0,0,0,0,0,0,1,0,0,0,0,0,0,0,0,0,0,0,0,0,1,1,1,7,27,22,31,14,9,94,103,1.466666667,7.666666667,1.6,34,1.95,0,0,1
2015-01-20,0,1,0,0,0,0,0,1,0,0,0,0,0,0,0,0,0,0,0,0,0,1,0,8,4,14,24,33,14,12,85,97,1.8,7.166666667,1.0,0,-0.125,0,0,1
2015-01-21,0,0,1,0,0,0,0,1,0,0,0,0,0,0,0,0,0,0,0,0,0,1,3,2,12,18,30,45,19,17,112,129,3.641666667,8.0,0.0,0,1.45,0,0,1
2015-01-22,0,0,0,1,0,0,0,1,0,0,0,0,0,0,0,0,0,0,0,0,0,1,0,2,10,18,18,37,24,12,97,109,1.691666667,8.0,0.1,0,0.641666667,0,0,1
2015-01-23,0,0,0,0,1,0,0,1,0,0,0,0,0,0,0,0,0,0,0,0,0,1,2,7,8,26,19,29,32,17,106,123,2.308333333,7.75,0.0,0,0.783333333,0,0,1
2015-01-24,0,0,0,0,0,1,0,1,0,0,0,0,0,0,0,0,0,0,0,0,0,1,8,9,16,50,33,49,33,33,165,198,2.869230769,7.692307692,0.4,7,0.823076923,0,1,0
2015-01-25,0,0,0,0,0,0,1,1,0,0,0,0,0,0,0,0,0,0,0,0,0,1,5,7,6,20,17,26,18,18,81,99,3.007142857,7.642857143,0.0,19,1.592857143,0,1,0
2015-01-26,1,0,0,0,0,0,0,1,0,0,0,0,0,0,0,0,0,0,0,0,0,1,0,6,4,17,19,24,14,10,74,84,3.091666667,5.666666667,3.8,0,0.866666667,0,0,1
2015-01-27,0,1,0,0,0,0,0,1,0,0,0,0,0,0,0,0,0,0,0,0,0,1,5,4,12,30,17,30,18,21,95,116,5.416666667,7.583333333,0.2,17,2.675,0,0,1
2015-01-28,0,0,1,0,0,0,0,1,0,0,0,0,0,0,0,0,0,0,0,0,0,1,5,4,10,27,18,34,26,19,105,124,4.95,7.666666667,0.0,0,3.708333333,0,0,1
2015-01-29,0,0,0,1,0,0,0,1,0,0,0,0,0,0,0,0,0,0,0,0,0,1,6,4,12,32,17,35,25,22,109,131,5.091666667,6.583333333,0.0,88,3.666666667,0,0,1
2015-01-30,0,0,0,0,1,0,0,1,0,0,0,0,0,0,0,0,0,0,0,0,0,1,6,2,12,29,23,46,27,20,125,145,3.45,3.916666667,5.5,236,1.383333333,0,0,1
2015-01-31,0,0,0,0,0,1,0,1,0,0,0,0,0,0,0,0,0,0,0,0,0,1,5,4,15,52,40,69,33,24,194,218,2.523076923,4.538461538,0.7,107,1.823076923,0,1,0
2015-02-01,0,0,0,0,0,0,1,0,1,0,0,0,0,0,0,0,0,0,0,0,0,1,3,3,4,26,14,23,13,10,76,86,3.285714286,7.357142857,1.0,42,1.107142857,0,1,0
2015-02-02,1,0,0,0,0,0,0,0,1,0,0,0,0,0,0,0,0,0,0,0,0,1,5,1,6,13,12,15,16,12,56,68,4.366666667,3.916666667,0.1,72,0.475,0,0,1
2015-02-03,0,1,0,0,0,0,0,0,1,0,0,0,0,0,0,0,0,0,0,0,0,1,7,2,8,29,11,18,16,17,74,91,1.4,4.25,0.0,386,-0.575,0,0,1
2015-02-04,0,0,1,0,0,0,0,0,1,0,0,0,0,0,0,0,0,0,0,0,0,1,1,3,9,24,22,25,29,13,100,113,1.383333333,8.0,0.0,0,-1.908333333,0,0,1
2015-02-05,0,0,0,1,0,0,0,0,1,0,0,0,0,0,0,0,0,0,0,0,0,1,1,3,11,24,20,21,16,15,81,96,4.716666667,8.0,0.0,6,-1.241666667,0,0,1
2015-02-06,0,0,0,0,1,0,0,0,1,0,0,0,0,0,0,0,0,0,0,0,0,1,5,3,13,43,18,31,16,21,108,129,5.091666667,2.333333333,0.0,240,-0.733333333,0,0,1
2015-02-07,0,0,0,0,0,1,0,0,1,0,0,0,0,0,0,0,0,0,0,0,0,1,7,6,6,35,34,55,30,19,154,173,2.807692308,0.538461538,0.0,428,-1.723076923,0,1,0
2015-02-08,0,0,0,0,0,0,1,0,1,0,0,0,0,0,0,0,0,0,0,0,0,1,1,3,8,17,9,25,18,12,69,81,4.964285714,4.357142857,0.1,156,1.128571429,0,1,0
2015-02-09,1,0,0,0,0,0,0,0,1,0,0,0,0,0,0,0,0,0,0,0,0,1,2,2,7,29,18,18,18,11,83,94,4.25,7.916666667,0.2,1,2.325,0,0,1
2015-02-10,0,1,0,0,0,0,0,0,1,0,0,0,0,0,0,0,0,0,0,0,0,1,1,6,12,31,14,26,10,19,81,100,1.766666667,8.0,0.0,0,3.333333333,0,0,1
2015-02-11,0,0,1,0,0,0,0,0,1,0,0,0,0,0,0,0,0,0,0,0,0,1,3,7,15,32,20,41,13,25,106,131,2.783333333,0.833333333,0.0,365,3.191666667,0,0,1
2015-02-12,0,0,0,1,0,0,0,0,1,0,0,0,0,0,0,0,0,0,0,0,0,1,2,4,9,24,18,50,19,15,111,126,1.866666667,0.166666667,0.0,443,3.225,0,0,1
2015-02-13,0,0,0,0,1,0,0,0,1,0,0,0,0,0,0,0,0,0,0,0,0,1,3,4,6,24,21,26,23,13,94,107,1.841666667,0.75,0.0,422,4.433333333,0,0,1
2015-02-14,0,0,0,0,0,1,0,0,1,0,0,0,0,0,0,0,0,0,0,0,0,1,4,11,18,80,34,88,59,33,261,294,2.523076923,2.461538462,0.0,337,4.461538462,0,1,0
2015-02-15,0,0,0,0,0,0,1,0,1,0,0,0,0,0,0,0,0,0,0,0,0,1,3,5,7,22,20,19,19,15,80,95,3.114285714,5.5,0.0,229,0.4,0,1,0
2015-02-16,1,0,0,0,0,0,0,0,1,0,0,0,0,0,0,0,0,0,0,0,0,1,8,3,10,20,16,36,20,21,92,113,2.35,2.166666667,0.0,254,0.75,0,0,1
2015-02-17,0,1,0,0,0,0,0,0,1,0,0,0,0,0,0,0,0,0,0,0,0,1,5,1,5,20,21,19,11,11,71,82,2.733333333,8.0,0.0,0,-0.308333333,0,0,1
2015-02-18,0,0,1,0,0,0,0,0,1,0,0,0,0,0,0,0,0,0,0,0,0,1,6,3,8,32,23,45,31,17,131,148,2.925,8.0,0.0,0,0.7,0,0,1
2015-02-19,0,0,0,1,0,0,0,0,1,0,0,0,0,0,0,0,0,0,0,0,0,1,2,0,6,30,12,33,21,8,96,104,2.0,2.583333333,0.0,256,0.691666667,0,0,1
2015-02-20,0,0,0,0,1,0,0,0,1,0,0,0,0,0,0,0,0,0,0,0,0,1,5,6,22,50,28,57,32,33,167,200,4.033333333,0.166666667,0.0,458,9.741666667,0,0,1
2015-02-21,0,0,0,0,0,1,0,0,1,0,0,0,0,0,0,0,0,0,0,0,0,1,8,1,30,50,24,55,30,39,159,198,4.015384615,6.846153846,0.1,15,4.946153846,0,1,0
2015-02-22,0,0,0,0,0,0,1,0,1,0,0,0,0,0,0,0,0,0,0,0,0,1,0,11,10,18,14,22,17,21,71,92,1.764285714,5.928571429,1.0,218,3.885714286,0,1,0
2015-02-23,1,0,0,0,0,0,0,0,1,0,0,0,0,0,0,0,0,0,0,0,0,1,3,2,7,16,8,24,16,12,64,76,3.35,5.583333333,0.6,9,5.133333333,0,0,1
2015-02-24,0,1,0,0,0,0,0,0,1,0,0,0,0,0,0,0,0,0,0,0,0,1,5,6,9,30,13,35,19,20,97,117,3.058333333,7.333333333,0.0,11,5.016666667,0,0,1
2015-02-25,0,0,1,0,0,0,0,0,1,0,0,0,0,0,0,0,0,0,0,0,0,1,2,5,6,28,14,19,13,13,74,87,2.216666667,1.75,0.0,262,5.733333333,0,0,1
2015-02-26,0,0,0,1,0,0,0,0,1,0,0,0,0,0,0,0,0,0,0,0,0,1,2,6,4,32,23,41,25,12,121,133,4.016666667,0.5,0.0,468,7.191666667,0,0,1
2015-02-27,0,0,0,0,1,0,0,0,1,0,0,0,0,0,0,0,0,0,0,0,0,1,6,8,6,24,16,25,23,20,88,108,4.075,7.75,6.4,0,2.766666667,0,0,1
2015-02-28,0,0,0,0,0,1,0,0,1,0,0,0,0,0,0,0,0,0,0,0,0,1,6,9,14,48,32,79,36,29,195,224,2.6,4.923076923,0.0,205,4.992307692,0,1,0
2015-03-01,0,0,0,0,0,0,1,0,0,1,0,0,0,0,0,0,0,0,0,0,0,1,1,6,8,22,10,24,26,15,82,97,3.671428571,7.714285714,0.0,31,8.764285714,0,1,0
2015-03-02,1,0,0,0,0,0,0,0,0,1,0,0,0,0,0,0,0,0,0,0,0,1,6,5,1,26,11,19,26,12,82,94,6.891666667,6.666666667,2.2,48,5.4,0,0,1
2015-03-03,0,1,0,0,0,0,0,0,0,1,0,0,0,0,0,0,0,0,0,0,0,1,4,10,16,29,22,24,36,30,111,141,4.216666667,4.916666667,0.0,299,8.941666667,0,0,1
2015-03-04,0,0,1,0,0,0,0,0,0,1,0,0,0,0,0,0,0,0,0,0,0,1,6,4,11,21,19,33,13,21,86,107,4.65,4.5,0.0,306,5.216666667,0,0,1
2015-03-05,0,0,0,1,0,0,0,0,0,1,0,0,0,0,0,0,0,0,0,0,0,1,5,3,9,22,11,27,27,17,87,104,4.0,6.916666667,0.0,170,4.891666667,0,0,1
2015-03-06,0,0,0,0,1,0,0,0,0,1,0,0,0,0,0,0,0,0,0,0,0,1,3,5,18,46,22,35,38,26,141,167,1.791666667,1.416666667,0.0,405,6.616666667,0,0,1
2015-03-07,0,0,0,0,0,1,0,0,0,1,0,0,0,0,0,0,0,0,0,0,0,1,11,7,26,64,39,83,41,44,227,271,2.669230769,2.538461538,0.0,316,8.576923077,0,1,0
2015-03-08,0,0,0,0,0,0,1,0,0,1,0,0,0,0,0,0,0,0,0,0,0,1,7,2,8,30,20,27,15,17,92,109,2.028571429,0.428571429,0.0,566,10.92857143,0,1,0
2015-03-09,1,0,0,0,0,0,0,0,0,1,0,0,0,0,0,0,0,0,0,0,0,1,2,4,6,22,21,21,18,12,82,94,1.783333333,0.0,0.0,483,12.49166667,0,0,1
2015-03-10,0,1,0,0,0,0,0,0,0,1,0,0,0,0,0,0,0,0,0,0,0,1,2,5,14,31,20,29,19,21,99,120,3.191666667,7.75,0.2,108,10.275,0,0,1
2015-03-11,0,0,1,0,0,0,0,0,0,1,0,0,0,0,0,0,0,0,0,0,0,1,6,5,14,28,24,38,29,25,119,144,2.783333333,0.583333333,0.0,483,7.016666667,0,0,1
2015-03-12,0,0,0,1,0,0,0,0,0,1,0,0,0,0,0,0,0,0,0,0,0,1,4,5,9,31,15,33,30,18,109,127,2.908333333,2.833333333,0.0,258,7.091666667,0,0,1
2015-03-13,0,0,0,0,1,0,0,0,0,1,0,0,0,0,0,0,0,0,0,0,0,1,10,10,16,37,26,49,33,36,145,181,4.375,6.0,0.0,85,5.533333333,0,0,1
2015-03-14,0,0,0,0,0,1,0,0,0,1,0,0,0,0,0,0,0,0,0,0,0,1,12,16,17,55,43,60,46,45,204,249,2.384615385,7.615384615,0.0,0,4.753846154,0,1,0
2015-03-15,0,0,0,0,0,0,1,0,0,1,0,0,0,0,0,0,0,0,0,0,0,1,2,5,9,26,13,28,19,16,86,102,3.085714286,2.785714286,0.0,348,6.914285714,0,1,0
2015-03-16,1,0,0,0,0,0,0,0,0,1,0,0,0,0,0,0,0,0,0,0,0,1,4,8,12,27,23,33,21,24,104,128,1.925,2.333333333,0.0,470,12.925,0,0,1
2015-03-17,0,1,0,0,0,0,0,0,0,1,0,0,0,0,0,0,0,0,0,0,0,1,3,1,12,24,15,28,17,16,84,100,2.141666667,4.0,0.0,430,15.63333333,0,0,1
2015-03-18,0,0,1,0,0,0,0,0,0,1,0,0,0,0,0,0,0,0,0,0,0,1,5,5,19,41,8,40,16,29,105,134,2.533333333,0.833333333,0.0,475,14.21666667,0,0,1
2015-03-19,0,0,0,1,0,0,0,0,0,1,0,0,0,0,0,0,0,0,0,0,0,1,5,7,9,28,19,41,18,21,106,127,2.058333333,1.0,0.0,468,13.13333333,0,0,1
2015-03-20,0,0,0,0,1,0,0,0,0,1,0,0,0,0,0,0,0,0,0,0,0,1,7,5,5,39,32,47,21,17,139,156,1.933333333,0.583333333,0.0,494,11.91666667,0,0,1
2015-03-21,0,0,0,0,0,1,0,0,0,1,0,0,0,0,0,0,0,0,0,0,0,1,8,17,13,60,32,56,21,38,169,207,4.453846154,7.0,0.0,136,7.569230769,0,1,0
2015-03-22,0,0,0,0,0,0,1,0,0,1,0,0,0,0,0,0,0,0,0,0,0,1,2,2,8,18,23,30,17,12,88,100,4.557142857,7.928571429,0.0,30,7.085714286,0,1,0
2015-03-23,1,0,0,0,0,0,0,0,0,1,0,0,0,0,0,0,0,0,0,0,0,1,2,4,10,19,21,26,18,16,84,100,2.108333333,4.0,0.0,161,7.25,0,0,1
2015-03-24,0,1,0,0,0,0,0,0,0,1,0,0,0,0,0,0,0,0,0,0,0,1,3,3,12,26,17,22,27,18,92,110,2.383333333,3.083333333,0.3,435,12.63333333,0,0,1
2015-03-25,0,0,1,0,0,0,0,0,0,1,0,0,0,0,0,0,0,0,0,0,0,1,4,4,15,36,24,36,23,23,119,142,6.058333333,3.916666667,0.0,356,11.99166667,0,0,1
2015-03-26,0,0,0,1,0,0,0,0,0,1,0,0,0,0,0,0,0,0,0,0,0,1,4,4,12,37,10,31,19,20,97,117,3.3,7.583333333,0.4,0,7.1,0,0,1
2015-03-27,0,0,0,0,1,0,0,0,0,1,0,0,0,0,0,0,0,0,0,0,0,1,6,4,18,35,36,55,22,28,148,176,5.458333333,7.166666667,0.0,95,8.75,0,0,1
2015-03-28,0,0,0,0,0,1,0,0,0,1,0,0,0,0,0,0,0,0,0,0,0,1,9,7,22,66,34,71,55,38,226,264,3.107692308,5.230769231,0.0,311,10.63076923,0,1,0
2015-03-29,0,0,0,0,0,0,1,0,0,1,0,0,0,0,0,0,0,0,0,0,0,1,1,1,8,29,20,24,21,10,94,104,5.828571429,7.5,0.4,0,11.13571429,0,1,0
2015-03-30,1,0,0,0,0,0,0,0,0,1,0,0,0,0,0,0,0,0,0,0,0,1,3,2,16,31,14,29,16,21,90,111,7.591666667,5.833333333,2.6,102,8.35,0,0,1
2015-03-31,0,1,0,0,0,0,0,0,0,1,0,0,0,0,0,0,0,0,0,0,0,1,2,13,16,55,34,39,28,31,156,187,11.39166667,6.666666667,2.2,83,9.591666667,0,0,1
2015-04-01,0,0,1,0,0,0,0,0,0,0,1,0,0,0,0,0,0,0,0,0,0,1,4,1,10,41,19,32,19,15,111,126,8.1,4.833333333,0.3,381,5.625,0,0,1
2015-04-02,0,0,0,1,0,0,0,0,0,0,1,0,0,0,0,0,0,0,0,0,0,1,5,3,17,25,22,37,22,25,106,131,6.5,5.083333333,3.7,122,5.966666667,0,0,1
2015-04-03,0,0,0,0,1,0,0,0,0,0,1,0,0,0,0,0,0,0,0,0,0,1,1,2,10,11,11,20,12,13,54,67,2.025,4.666666667,0.0,422,9.233333333,1,0,0
2015-04-04,0,0,0,0,0,1,0,0,0,0,1,0,0,0,0,0,0,0,0,0,0,1,2,7,15,62,17,46,21,24,146,170,2.569230769,7.0,4.8,0,3.907692308,0,1,0
2015-04-05,0,0,0,0,0,0,1,0,0,0,1,0,0,0,0,0,0,0,0,0,0,1,1,4,4,11,3,18,6,9,38,47,3.328571429,4.071428571,0.0,501,6.185714286,0,1,0
2015-04-06,1,0,0,0,0,0,0,0,0,0,1,0,0,0,0,0,0,0,0,0,0,1,5,1,9,21,14,34,16,15,85,100,2.666666667,6.0,0.0,101,6.375,1,0,0
2015-04-07,0,1,0,0,0,0,0,0,0,0,1,0,0,0,0,0,0,0,0,0,0,1,5,6,15,35,19,23,28,26,105,131,1.641666667,0.166666667,0.0,586,8.916666667,0,0,1
2015-04-08,0,0,1,0,0,0,0,0,0,0,1,0,0,0,0,0,0,0,0,0,0,1,4,7,12,35,19,34,27,23,115,138,2.083333333,0.333333333,0.0,558,12.41666667,0,0,1
2015-04-09,0,0,0,1,0,0,0,0,0,0,1,0,0,0,0,0,0,0,0,0,0,1,4,3,14,27,23,36,22,21,108,129,1.925,0.833333333,0.0,565,15.825,0,0,1
2015-04-10,0,0,0,0,1,0,0,0,0,0,1,0,0,0,0,0,0,0,0,0,0,1,4,10,17,40,25,41,32,31,138,169,1.625,2.5,0.0,561,18.68333333,0,0,1
2015-04-11,0,0,0,0,0,1,0,0,0,0,1,0,0,0,0,0,0,0,0,0,0,1,5,8,18,69,47,62,32,31,210,241,4.207692308,7.384615385,0.1,48,14.63846154,0,1,0
2015-04-12,0,0,0,0,0,0,1,0,0,0,1,0,0,0,0,0,0,0,0,0,0,1,2,3,7,20,9,25,22,12,76,88,1.9,4.357142857,0.0,354,15.37857143,0,1,0
2015-04-13,1,0,0,0,0,0,0,0,0,0,1,0,0,0,0,0,0,0,0,0,0,1,6,3,5,16,18,26,10,14,70,84,5.033333333,3.833333333,0.0,373,15.83333333,0,0,1
2015-04-14,0,1,0,0,0,0,0,0,0,0,1,0,0,0,0,0,0,0,0,0,0,1,6,3,8,22,17,28,15,17,82,99,3.6,1.25,0.0,599,18.1,0,0,1
2015-04-15,0,0,1,0,0,0,0,0,0,0,1,0,0,0,0,0,0,0,0,0,0,1,1,3,18,17,14,32,20,22,83,105,2.691666667,1.166666667,0.0,538,22.425,0,0,1
2015-04-16,0,0,0,1,0,0,0,0,0,0,1,0,0,0,0,0,0,0,0,0,0,1,5,3,3,31,24,35,18,11,108,119,2.016666667,5.75,0.0,241,20.65,0,0,1
2015-04-17,0,0,0,0,1,0,0,0,0,0,1,0,0,0,0,0,0,0,0,0,0,1,10,4,25,43,26,57,32,39,158,197,5.008333333,7.333333333,0.0,130,13.075,0,0,1
2015-04-18,0,0,0,0,0,1,0,0,0,0,1,0,0,0,0,0,0,0,0,0,0,1,5,2,10,42,26,51,41,17,160,177,3.453846154,1.461538462,0.0,536,10.34615385,0,1,0
2015-04-19,0,0,0,0,0,0,1,0,0,0,1,0,0,0,0,0,0,0,0,0,0,1,1,1,7,16,14,30,9,9,69,78,3.921428571,0.428571429,0.0,735,13.51428571,0,1,0
2015-04-20,1,0,0,0,0,0,0,0,0,0,1,0,0,0,0,0,0,0,0,0,0,1,2,3,8,27,13,25,14,13,79,92,2.658333333,0.833333333,0.0,609,15.98333333,0,0,1
2015-04-21,0,1,0,0,0,0,0,0,0,0,1,0,0,0,0,0,0,0,0,0,0,1,2,5,17,24,16,18,17,24,75,99,2.008333333,1.583333333,0.0,611,18.50833333,0,0,1
2015-04-22,0,0,1,0,0,0,0,0,0,0,1,0,0,0,0,0,0,0,0,0,0,1,0,12,9,28,22,37,19,21,106,127,4.533333333,1.583333333,0.0,605,15.03333333,0,0,1
2015-04-23,0,0,0,1,0,0,0,0,0,0,1,0,0,0,0,0,0,0,0,0,0,1,1,3,11,31,20,25,20,15,96,111,2.366666667,0.25,0.0,615,12.74166667,0,0,1
2015-04-24,0,0,0,0,1,0,0,0,0,0,1,0,0,0,0,0,0,0,0,0,0,1,6,5,15,47,18,49,26,26,140,166,2.183333333,1.916666667,0.0,565,17.625,0,0,1
2015-04-25,0,0,0,0,0,1,0,0,0,0,1,0,0,0,0,0,0,0,0,0,0,1,12,4,18,59,21,45,42,34,167,201,2.684615385,7.153846154,1.3,2,14.47692308,0,1,0
2015-04-26,0,0,0,0,0,0,1,0,0,0,1,0,0,0,0,0,0,0,0,0,0,1,1,3,14,20,5,25,15,18,65,83,1.907142857,5.214285714,4.5,395,17.76428571,0,1,0
2015-04-27,1,0,0,0,0,0,0,0,0,0,1,0,0,0,0,0,0,0,0,0,0,1,4,1,14,23,16,33,18,19,90,109,4.425,6.833333333,3.3,202,16.21666667,0,0,1
2015-04-28,0,1,0,0,0,0,0,0,0,0,1,0,0,0,0,0,0,0,0,0,0,1,4,3,17,33,22,23,27,24,105,129,4.983333333,5.083333333,0.0,247,10.03333333,0,0,1
2015-04-29,0,0,1,0,0,0,0,0,0,0,1,0,0,0,0,0,0,0,0,0,0,1,3,7,14,40,19,35,13,24,107,131,3.375,3.666666667,0.0,511,14.05833333,0,0,1
2015-04-30,0,0,0,1,0,0,0,0,0,0,1,0,0,0,0,0,0,0,0,0,0,1,4,3,12,31,14,45,16,19,106,125,3.666666667,6.583333333,0.0,122,13.75833333,0,0,1
2015-05-01,0,0,0,0,1,0,0,0,0,0,0,1,0,0,0,0,0,0,0,0,0,1,6,4,11,28,13,37,27,21,105,126,1.758333333,7.833333333,7.3,0,9.3,1,0,0
2015-05-02,0,0,0,0,0,1,0,0,0,0,0,1,0,0,0,0,0,0,0,0,0,1,14,15,22,70,35,63,44,51,212,263,1.384615385,7.461538462,0.0,7,12.69230769,0,1,0
2015-05-03,0,0,0,0,0,0,1,0,0,0,0,1,0,0,0,0,0,0,0,0,0,1,1,4,6,23,15,21,24,11,83,94,2.028571429,7.642857143,4.4,0,15.64285714,0,1,0
2015-05-04,1,0,0,0,0,0,0,0,0,0,0,1,0,0,0,0,0,0,0,0,0,1,3,2,10,20,17,25,20,15,82,97,4.191666667,4.666666667,0.0,494,21.13333333,0,0,1
2015-05-05,0,1,0,0,0,0,0,0,0,0,0,1,0,0,0,0,0,0,0,0,0,1,4,4,8,35,24,29,17,16,105,121,3.683333333,7.666666667,0.1,9,19.925,0,0,1
2015-05-06,0,0,1,0,0,0,0,0,0,0,0,1,0,0,0,0,0,0,0,0,0,1,4,6,9,18,22,44,22,19,106,125,3.45,6.5,0.0,228,16.88333333,0,0,1
2015-05-07,0,0,0,1,0,0,0,0,0,0,0,1,0,0,0,0,0,0,0,0,0,1,6,4,6,31,16,42,25,16,114,130,3.725,2.916666667,0.0,499,15.20833333,0,0,1
2015-05-08,0,0,0,0,1,0,0,0,0,0,0,1,0,0,0,0,0,0,0,0,0,1,5,6,9,29,16,44,30,20,119,139,2.841666667,3.0,0.0,481,20.01666667,0,0,1
2015-05-09,0,0,0,0,0,1,0,0,0,0,0,1,0,0,0,0,0,0,0,0,0,1,5,6,15,41,24,50,22,26,137,163,4.846153846,5.076923077,1.1,344,17.65384615,0,1,0
2015-05-10,0,0,0,0,0,0,1,0,0,0,0,1,0,0,0,0,0,0,0,0,0,1,2,4,9,28,8,31,14,15,81,96,3.385714286,2.642857143,0.0,539,17.87142857,0,1,0
2015-05-11,1,0,0,0,0,0,0,0,0,0,0,1,0,0,0,0,0,0,0,0,0,1,2,5,8,31,14,32,18,15,95,110,2.716666667,2.833333333,0.0,586,23.59166667,0,0,1
2015-05-12,0,1,0,0,0,0,0,0,0,0,0,1,0,0,0,0,0,0,0,0,0,1,4,1,6,19,11,33,19,11,82,93,4.0,2.666666667,0.0,460,26.78333333,0,0,1
2015-05-13,0,0,1,0,0,0,0,0,0,0,0,1,0,0,0,0,0,0,0,0,0,1,3,5,19,31,16,37,25,27,109,136,2.383333333,3.166666667,0.9,523,20.35833333,0,0,1
2015-05-14,0,0,0,1,0,0,0,0,0,0,0,1,0,0,0,0,0,0,0,0,0,1,2,6,10,25,25,27,19,18,96,114,1.925,7.083333333,0.0,158,17.35833333,1,0,0
2015-05-15,0,0,0,0,1,0,0,0,0,0,0,1,0,0,0,0,0,0,0,0,0,1,5,9,19,50,15,61,27,33,153,186,3.691666667,5.166666667,0.5,245,13.50833333,0,0,1
2015-05-16,0,0,0,0,0,1,0,0,0,0,0,1,0,0,0,0,0,0,0,0,0,1,2,5,19,46,15,46,29,26,136,162,4.576923077,5.692307692,0.0,331,17.11538462,0,1,0
2015-05-17,0,0,0,0,0,0,1,0,0,0,0,1,0,0,0,0,0,0,0,0,0,1,1,5,7,21,11,28,23,13,83,96,3.264285714,3.142857143,0.0,546,15.95714286,0,1,0
2015-05-18,1,0,0,0,0,0,0,0,0,0,0,1,0,0,0,0,0,0,0,0,0,1,2,3,7,28,13,16,18,12,75,87,2.491666667,2.833333333,0.0,577,20.30833333,0,0,1
2015-05-19,0,1,0,0,0,0,0,0,0,0,0,1,0,0,0,0,0,0,0,0,0,1,2,4,8,31,24,33,22,14,110,124,4.4,7.083333333,0.0,59,13.875,0,0,1
2015-05-20,0,0,1,0,0,0,0,0,0,0,0,1,0,0,0,0,0,0,0,0,0,1,3,7,8,31,17,19,14,18,81,99,3.3,6.0,2.4,140,10.74166667,0,0,1
2015-05-21,0,0,0,1,0,0,0,0,0,0,0,1,0,0,0,0,0,0,0,0,0,1,3,6,15,34,25,27,18,24,104,128,3.925,2.833333333,0.0,487,14.19166667,0,0,1
2015-05-22,0,0,0,0,1,0,0,0,0,0,0,1,0,0,0,0,0,0,0,0,0,1,3,0,14,37,18,42,1,17,98,115,3.108333333,2.666666667,0.0,519,16.725,0,0,1
2015-05-23,0,0,0,0,0,1,0,0,0,0,0,1,0,0,0,0,0,0,0,0,0,1,4,4,12,40,20,32,26,20,118,138,3.176923077,6.615384615,0.0,188,17.46153846,0,1,0
2015-05-24,0,0,0,0,0,0,1,0,0,0,0,1,0,0,0,0,0,0,0,0,0,1,4,6,14,27,15,25,23,24,90,114,2.428571429,7.928571429,0.0,87,17.52857143,0,1,0
2015-05-25,1,0,0,0,0,0,0,0,0,0,0,1,0,0,0,0,0,0,0,0,0,1,1,4,4,22,5,30,16,9,73,82,3.483333333,6.666666667,7.3,61,15.25,1,0,0
2015-05-26,0,1,0,0,0,0,0,0,0,0,0,1,0,0,0,0,0,0,0,0,0,1,4,5,13,33,30,46,25,22,134,156,4.05,7.583333333,0.2,24,12.80833333,0,0,1
2015-05-27,0,0,1,0,0,0,0,0,0,0,0,1,0,0,0,0,0,0,0,0,0,1,5,8,18,3,29,35,43,31,110,141,2.983333333,6.083333333,0.0,123,12.85833333,0,0,1
2015-05-28,0,0,0,1,0,0,0,0,0,0,0,1,0,0,0,0,0,0,0,0,0,1,1,5,17,24,23,38,20,23,105,128,2.858333333,3.583333333,0.0,490,18.95833333,0,0,1
2015-05-29,0,0,0,0,1,0,0,0,0,0,0,1,0,0,0,0,0,0,0,0,0,1,8,5,13,42,32,56,26,26,156,182,2.758333333,6.833333333,0.7,216,17.56666667,0,0,1
2015-05-30,0,0,0,0,0,1,0,0,0,0,0,1,0,0,0,0,0,0,0,0,0,1,11,6,18,49,29,51,45,35,174,209,4.623076923,6.461538462,1.0,183,14.00769231,0,1,0
2015-05-31,0,0,0,0,0,0,1,0,0,0,0,1,0,0,0,0,0,0,0,0,0,1,1,1,10,24,13,17,26,12,80,92,2.514285714,6.071428571,0.0,407,19.29285714,0,1,0
2015-06-01,1,0,0,0,0,0,0,0,0,0,0,0,1,0,0,0,0,0,0,0,0,1,6,3,12,36,23,53,24,21,136,157,3.775,6.333333333,0.0,134,16.73333333,0,0,1
2015-06-02,0,1,0,0,0,0,0,0,0,0,0,0,1,0,0,0,0,0,0,0,0,1,4,2,8,37,12,33,25,14,107,121,3.783333333,4.583333333,0.0,344,23.3,0,0,1
2015-06-03,0,0,1,0,0,0,0,0,0,0,0,0,1,0,0,0,0,0,0,0,0,1,7,2,13,48,31,43,26,22,148,170,4.433333333,2.5,0.0,577,23.64166667,0,0,1
2015-06-04,0,0,0,1,0,0,0,0,0,0,0,0,1,0,0,0,0,0,0,0,0,1,1,5,14,33,15,40,21,20,109,129,2.091666667,0.583333333,0.0,670,25.14166667,1,0,0
2015-06-05,0,0,0,0,1,0,0,0,0,0,0,0,1,0,0,0,0,0,0,0,0,1,3,14,1,51,23,70,31,18,175,193,3.266666667,1.333333333,0.0,658,29.95833333,0,0,1
2015-06-06,0,0,0,0,0,1,0,0,0,0,0,0,1,0,0,0,0,0,0,0,0,1,3,3,11,46,12,50,32,17,140,157,3.676923077,3.769230769,0.0,425,27.24615385,0,1,0
2015-06-07,0,0,0,0,0,0,1,0,0,0,0,0,1,0,0,0,0,0,0,0,0,1,1,0,7,21,3,19,11,8,54,62,2.971428571,2.214285714,0.0,612,24.15714286,0,1,0
2015-06-08,1,0,0,0,0,0,0,0,0,0,0,0,1,0,0,0,0,0,0,0,0,1,2,4,7,14,20,34,12,13,80,93,3.191666667,7.916666667,5.0,3,13.95,0,0,1
2015-06-09,0,1,0,0,0,0,0,0,0,0,0,0,1,0,0,0,0,0,0,0,0,1,3,3,13,28,26,49,17,19,120,139,3.408333333,7.916666667,0.0,0,13.95,0,0,1
2015-06-10,0,0,1,0,0,0,0,0,0,0,0,0,1,0,0,0,0,0,0,0,0,1,6,4,12,21,16,38,18,22,93,115,2.258333333,8.0,0.0,0,17.06666667,0,0,1
2015-06-11,0,0,0,1,0,0,0,0,0,0,0,0,1,0,0,0,0,0,0,0,0,1,0,6,9,34,14,31,17,15,96,111,2.208333333,4.5,0.0,394,22.69166667,0,0,1
2015-06-12,0,0,0,0,1,0,0,0,0,0,0,0,1,0,0,0,0,0,0,0,0,1,7,7,14,19,15,37,17,28,88,116,2.658333333,4.25,0.0,334,25.44166667,0,0,1
2015-06-13,0,0,0,0,0,1,0,0,0,0,0,0,1,0,0,0,0,0,0,0,0,1,6,6,16,40,28,39,26,28,133,161,4.2,3.230769231,0.0,467,21.9,0,1,0
2015-06-14,0,0,0,0,0,0,1,0,0,0,0,0,1,0,0,0,0,0,0,0,0,1,1,3,10,20,10,14,8,14,52,66,2.557142857,3.285714286,0.0,707,23.26428571,0,1,0
2015-06-15,1,0,0,0,0,0,0,0,0,0,0,0,1,0,0,0,0,0,0,0,0,1,0,3,16,29,20,36,11,19,96,115,2.941666667,6.666666667,0.0,63,20.69166667,0,0,1
2015-06-16,0,1,0,0,0,0,0,0,0,0,0,0,1,0,0,0,0,0,0,0,0,1,2,6,14,31,25,42,30,22,128,150,3.391666667,7.333333333,0.0,73,19.375,0,0,1
2015-06-17,0,0,1,0,0,0,0,0,0,0,0,0,1,0,0,0,0,0,0,0,0,1,2,3,8,93,16,41,17,13,167,180,2.591666667,4.25,0.0,495,18.75,0,0,1
2015-06-18,0,0,0,1,0,0,0,0,0,0,0,0,1,0,0,0,0,0,0,0,0,1,3,3,6,26,13,43,21,12,103,115,3.133333333,7.75,8.2,1,15.525,0,0,1
2015-06-19,0,0,0,0,1,0,0,0,0,0,0,0,1,0,0,0,0,0,0,0,0,1,5,5,17,37,22,62,24,27,145,172,4.166666667,7.416666667,0.0,91,14.3,0,0,1
2015-06-20,0,0,0,0,0,1,0,0,0,0,0,0,1,0,0,0,0,0,0,0,0,1,5,8,18,49,19,55,39,31,162,193,3.569230769,7.692307692,0.0,13,12.95384615,0,1,0
2015-06-21,0,0,0,0,0,0,1,0,0,0,0,0,1,0,0,0,0,0,0,0,0,1,2,3,4,23,18,33,22,9,96,105,2.314285714,7.428571429,4.7,93,16.62142857,0,1,0
2015-06-22,1,0,0,0,0,0,0,0,0,0,0,0,1,0,0,0,0,0,0,0,0,1,3,4,12,23,14,30,15,19,82,101,3.891666667,6.75,1.0,0,14.975,0,0,1
2015-06-23,0,1,0,0,0,0,0,0,0,0,0,0,1,0,0,0,0,0,0,0,0,1,4,5,14,27,18,30,22,23,97,120,4.891666667,6.25,4.8,242,13.3,0,0,1
2015-06-24,0,0,1,0,0,0,0,0,0,0,0,0,1,0,0,0,0,0,0,0,0,1,6,3,14,22,8,38,24,23,92,115,2.108333333,3.333333333,0.0,510,17.85833333,0,0,1
2015-06-25,0,0,0,1,0,0,0,0,0,0,0,0,1,0,0,0,0,0,0,0,0,1,3,5,15,22,16,27,5,23,70,93,2.433333333,4.416666667,0.0,528,22.0,0,0,1
2015-06-26,0,0,0,0,1,0,0,0,0,0,0,0,1,0,0,0,0,0,0,0,0,1,2,7,8,19,16,33,16,17,84,101,2.541666667,4.25,0.0,466,24.34166667,0,0,1
2015-06-27,0,0,0,0,0,1,0,0,0,0,0,0,1,0,0,0,0,0,0,0,0,1,10,4,19,36,32,54,22,33,144,177,4.353846154,4.923076923,1.8,313,20.60769231,0,1,0
2015-06-28,0,0,0,0,0,0,1,0,0,0,0,0,1,0,0,0,0,0,0,0,0,1,4,1,6,17,3,25,11,11,56,67,2.085714286,4.857142857,0.0,551,21.26428571,0,1,0
2015-06-29,1,0,0,0,0,0,0,0,0,0,0,0,1,0,0,0,0,0,0,0,0,1,2,2,11,23,10,25,14,15,72,87,2.383333333,3.5,0.0,424,25.34166667,0,0,1
2015-06-30,0,1,0,0,0,0,0,0,0,0,0,0,1,0,0,0,0,0,0,0,0,1,1,3,13,26,12,21,9,17,68,85,2.1,0.666666667,0.0,681,27.475,0,0,1
2015-07-01,0,0,1,0,0,0,0,0,0,0,0,0,0,1,0,0,0,0,0,0,0,1,8,1,13,30,13,29,25,22,97,119,3.541666667,1.083333333,0.0,674,30.28333333,0,0,1
2015-07-02,0,0,0,1,0,0,0,0,0,0,0,0,0,1,0,0,0,0,0,0,0,1,6,4,8,27,16,31,19,18,93,111,3.0,0.75,0.0,618,32.425,0,0,1
2015-07-03,0,0,0,0,1,0,0,0,0,0,0,0,0,1,0,0,0,0,0,0,0,1,8,8,13,26,13,48,27,29,114,143,2.1,2.666666667,0.0,335,31.56666667,0,0,1
2015-07-04,0,0,0,0,0,1,0,0,0,0,0,0,0,1,0,0,0,0,0,0,0,1,2,3,7,24,18,40,12,12,94,106,2.384615385,0.846153846,0.0,647,33.29230769,0,1,0
2015-07-05,0,0,0,0,0,0,1,0,0,0,0,0,0,1,0,0,0,0,0,0,0,1,3,1,5,10,7,6,7,9,30,39,3.15,1.142857143,0.0,728,34.05714286,0,1,0
2015-07-06,1,0,0,0,0,0,0,0,0,0,0,0,0,1,0,0,0,0,0,0,0,1,5,2,7,31,15,17,15,14,78,92,2.233333333,1.5,0.0,653,26.88333333,0,0,1
2015-07-07,0,1,0,0,0,0,0,0,0,0,0,0,0,1,0,0,0,0,0,0,0,1,5,5,6,29,16,31,13,16,89,105,3.533333333,3.166666667,0.0,467,32.38333333,0,0,1
2015-07-08,0,0,1,0,0,0,0,0,0,0,0,0,0,1,0,0,0,0,0,0,0,1,5,3,9,31,25,49,27,17,132,149,7.45,4.666666667,0.0,477,20.63333333,0,0,1
2015-07-09,0,0,0,1,0,0,0,0,0,0,0,0,0,1,0,0,0,0,0,0,0,1,7,2,8,23,11,40,18,17,92,109,4.983333333,7.083333333,0.0,118,18.16666667,0,0,1
2015-07-10,0,0,0,0,1,0,0,0,0,0,0,0,0,1,0,0,0,0,0,0,0,1,5,6,9,37,27,36,24,20,124,144,2.125,1.25,0.0,683,22.1,0,0,1
2015-07-11,0,0,0,0,0,1,0,0,0,0,0,0,0,1,0,0,0,0,0,0,0,1,4,2,14,34,18,28,20,20,100,120,4.923076923,1.153846154,0.0,656,28.14615385,0,1,0
2015-07-12,0,0,0,0,0,0,1,0,0,0,0,0,0,1,0,0,0,0,0,0,0,1,0,2,5,20,6,13,11,7,50,57,5.307142857,3.857142857,0.0,469,24.27857143,0,1,0
2015-07-13,1,0,0,0,0,0,0,0,0,0,0,0,0,1,0,0,0,0,0,0,0,1,5,3,12,27,13,29,15,20,84,104,3.975,7.666666667,0.0,16,21.125,0,0,1
2015-07-14,0,1,0,0,0,0,0,0,0,0,0,0,0,1,0,0,0,0,0,0,0,1,6,1,3,31,11,41,22,10,105,115,5.541666667,4.583333333,0.0,379,25.0,0,0,1
2015-07-15,0,0,1,0,0,0,0,0,0,0,0,0,0,1,0,0,0,0,0,0,0,1,5,5,17,28,23,32,19,27,102,129,2.041666667,3.75,0.0,475,26.75,0,0,1
2015-07-16,0,0,0,1,0,0,0,0,0,0,0,0,0,1,0,0,0,0,0,0,0,1,1,4,7,35,13,45,15,12,108,120,2.208333333,1.083333333,0.0,654,30.425,0,0,1
2015-07-17,0,0,0,0,1,0,0,0,0,0,0,0,0,1,0,0,0,0,0,0,0,1,2,8,21,24,11,31,14,31,80,111,3.266666667,1.333333333,0.8,562,30.75,0,0,1
2015-07-18,0,0,0,0,0,1,0,0,0,0,0,0,0,1,0,0,0,0,0,0,0,1,1,2,17,30,14,41,13,20,98,118,2.738461538,4.615384615,0.1,241,26.04615385,0,1,0
2015-07-19,0,0,0,0,0,0,1,0,0,0,0,0,0,1,0,0,0,0,0,0,0,1,0,1,15,24,11,19,19,16,73,89,4.157142857,6.928571429,6.2,113,24.11428571,0,1,0
2015-07-20,1,0,0,0,0,0,0,0,0,0,0,0,0,1,0,0,0,0,0,0,0,1,3,1,12,19,13,30,12,16,74,90,2.4,6.666666667,0.0,240,26.69166667,0,0,1
2015-07-21,0,1,0,0,0,0,0,0,0,0,0,0,0,1,0,0,0,0,0,0,0,1,5,5,16,28,24,31,21,26,104,130,2.566666667,2.666666667,0.0,613,29.49166667,0,0,1
2015-07-22,0,0,1,0,0,0,0,0,0,0,0,0,0,1,0,0,0,0,0,0,0,1,4,6,13,31,12,39,23,23,105,128,3.45,5.916666667,1.2,298,28.425,0,0,1
2015-07-23,0,0,0,1,0,0,0,0,0,0,0,0,0,1,0,0,0,0,0,0,0,1,5,4,14,29,26,43,9,23,107,130,2.158333333,7.25,0.0,127,23.79166667,0,0,1
2015-07-24,0,0,0,0,1,0,0,0,0,0,0,0,0,1,0,0,0,0,0,0,0,1,7,5,11,32,19,42,23,23,116,139,3.233333333,2.416666667,0.0,525,28.74166667,0,0,1
2015-07-25,0,0,0,0,0,1,0,0,0,0,0,0,0,1,0,0,0,0,0,0,0,1,5,8,15,54,20,55,33,28,162,190,8.138461538,3.538461538,0.0,395,19.46153846,0,1,0
2015-07-26,0,0,0,0,0,0,1,0,0,0,0,0,0,1,0,0,0,0,0,0,0,1,5,2,8,21,13,29,11,15,74,89,2.957142857,5.071428571,0.2,421,20.02142857,0,1,0
2015-07-27,1,0,0,0,0,0,0,0,0,0,0,0,0,1,0,0,0,0,0,0,0,1,1,4,18,25,18,32,22,23,97,120,6.183333333,6.75,0.0,199,21.05,0,0,1
2015-07-28,0,1,0,0,0,0,0,0,0,0,0,0,0,1,0,0,0,0,0,0,0,1,2,2,22,39,25,42,17,26,123,149,4.941666667,7.083333333,0.0,104,19.58333333,0,0,1
2015-07-29,0,0,1,0,0,0,0,0,0,0,0,0,0,1,0,0,0,0,0,0,0,1,4,2,16,34,19,28,24,22,105,127,3.725,5.333333333,0.9,220,15.75,0,0,1
2015-07-30,0,0,0,1,0,0,0,0,0,0,0,0,0,1,0,0,0,0,0,0,0,1,5,4,10,31,18,39,15,19,103,122,3.05,7.5,0.0,122,18.375,0,0,1
2015-07-31,0,0,0,0,1,0,0,0,0,0,0,0,0,1,0,0,0,0,0,0,0,1,1,5,7,39,27,50,1,13,117,130,2.5,2.916666667,0.0,581,21.55833333,0,0,1
2015-08-01,0,0,0,0,0,1,0,0,0,0,0,0,0,0,1,0,0,0,0,0,0,1,7,0,15,50,39,43,2,22,134,156,2.0,7.0,0.1,61,21.24615385,0,1,0
2015-08-02,0,0,0,0,0,0,1,0,0,0,0,0,0,0,1,0,0,0,0,0,0,1,2,7,5,16,4,19,4,14,43,57,2.014285714,1.785714286,0.0,655,25.42142857,0,1,0
2015-08-03,1,0,0,0,0,0,0,0,0,0,0,0,0,0,1,0,0,0,0,0,0,1,4,6,14,27,18,32,19,24,96,120,2.8,1.25,0.0,645,29.99166667,0,0,1
2015-08-04,0,1,0,0,0,0,0,0,0,0,0,0,0,0,1,0,0,0,0,0,0,1,7,10,9,28,24,52,25,26,129,155,4.783333333,5.5,0.0,167,23.65833333,0,0,1
2015-08-05,0,0,1,0,0,0,0,0,0,0,0,0,0,0,1,0,0,0,0,0,0,1,2,5,5,29,20,34,22,12,105,117,2.575,2.166666667,0.0,591,27.4,0,0,1
2015-08-06,0,0,0,1,0,0,0,0,0,0,0,0,0,0,1,0,0,0,0,0,0,1,3,4,9,25,14,35,14,16,88,104,3.608333333,3.25,0.0,521,32.75,0,0,1
2015-08-07,0,0,0,0,1,0,0,0,0,0,0,0,0,0,1,0,0,0,0,0,0,1,0,5,7,38,13,21,21,12,93,105,2.733333333,2.583333333,0.0,486,34.89166667,0,0,1
2015-08-08,0,0,0,0,0,1,0,0,0,0,0,0,0,0,1,0,0,0,0,0,0,1,3,2,4,22,16,19,16,9,73,82,4.523076923,1.615384615,0.0,565,30.06923077,0,1,0
2015-08-09,0,0,0,0,0,0,1,0,0,0,0,0,0,0,1,0,0,0,0,0,0,1,2,6,16,30,21,29,8,24,88,112,4.157142857,5.5,6.3,340,26.75,0,1,0
2015-08-10,1,0,0,0,0,0,0,0,0,0,0,0,0,0,1,0,0,0,0,0,0,1,3,4,11,29,29,20,14,18,92,110,2.966666667,4.0,0.0,214,24.78333333,0,0,1
2015-08-11,0,1,0,0,0,0,0,0,0,0,0,0,0,0,1,0,0,0,0,0,0,1,5,1,6,21,26,38,15,12,100,112,2.6,1.666666667,0.0,550,26.48333333,0,0,1
2015-08-12,0,0,1,0,0,0,0,0,0,0,0,0,0,0,1,0,0,0,0,0,0,1,4,4,16,36,11,31,26,24,104,128,2.25,1.0,0.0,488,29.68333333,0,0,1
2015-08-13,0,0,0,1,0,0,0,0,0,0,0,0,0,0,1,0,0,0,0,0,0,1,1,2,10,43,24,35,9,13,111,124,2.233333333,1.75,0.0,492,31.96666667,0,0,1
2015-08-14,0,0,0,0,1,0,0,0,0,0,0,0,0,0,1,0,0,0,0,0,0,1,2,3,13,27,24,33,21,18,105,123,2.408333333,5.416666667,37.4,198,23.275,0,0,1
2015-08-15,0,0,0,0,0,1,0,0,0,0,0,0,0,0,1,0,0,0,0,0,0,1,4,5,10,31,34,49,31,19,145,164,3.853846154,7.384615385,0.0,153,20.68461538,0,1,0
2015-08-16,0,0,0,0,0,0,1,0,0,0,0,0,0,0,1,0,0,0,0,0,0,1,6,1,6,21,24,30,18,13,93,106,3.885714286,7.714285714,4.7,6,16.09285714,0,1,0
2015-08-17,1,0,0,0,0,0,0,0,0,0,0,0,0,0,1,0,0,0,0,0,0,1,2,14,10,31,30,38,15,26,114,140,3.35,6.833333333,0.0,35,16.8,0,0,1
2015-08-18,0,1,0,0,0,0,0,0,0,0,0,0,0,0,1,0,0,0,0,0,0,1,5,4,7,23,29,34,22,16,108,124,2.45,4.166666667,0.0,326,18.76666667,0,0,1
2015-08-19,0,0,1,0,0,0,0,0,0,0,0,0,0,0,1,0,0,0,0,0,0,1,3,3,19,56,24,36,19,25,135,160,2.508333333,7.75,1.0,74,17.61666667,0,0,1
2015-08-20,0,0,0,1,0,0,0,0,0,0,0,0,0,0,1,0,0,0,0,0,0,1,3,5,6,42,30,44,23,14,139,153,1.608333333,6.25,0.0,211,19.24166667,0,0,1
2015-08-21,0,0,0,0,1,0,0,0,0,0,0,0,0,0,1,0,0,0,0,0,0,1,5,4,11,30,36,36,19,20,121,141,1.925,1.75,0.0,566,21.99166667,0,0,1
2015-08-22,0,0,0,0,0,1,0,0,0,0,0,0,0,0,1,0,0,0,0,0,0,1,4,8,8,37,35,31,21,20,124,144,2.853846154,2.769230769,0.0,543,22.99230769,0,1,0
2015-08-23,0,0,0,0,0,0,1,0,0,0,0,0,0,0,1,0,0,0,0,0,0,1,2,0,7,15,4,9,8,9,36,45,3.107142857,5.857142857,2.8,402,20.60714286,0,1,0
2015-08-24,1,0,0,0,0,0,0,0,0,0,0,0,0,0,1,0,0,0,0,0,0,1,4,1,9,27,15,23,17,14,82,96,3.025,6.0,12.9,59,18.54166667,0,0,1
2015-08-25,0,1,0,0,0,0,0,0,0,0,0,0,0,0,1,0,0,0,0,0,0,1,1,5,11,33,30,22,17,17,102,119,2.65,3.333333333,0.0,585,19.7,0,0,1
2015-08-26,0,0,1,0,0,0,0,0,0,0,0,0,0,0,1,0,0,0,0,0,0,1,5,2,8,39,25,24,16,15,104,119,3.516666667,2.166666667,0.0,590,24.4,0,0,1
2015-08-27,0,0,0,1,0,0,0,0,0,0,0,0,0,0,1,0,0,0,0,0,0,1,3,5,8,27,14,13,19,16,73,89,3.616666667,1.833333333,0.0,538,28.86666667,0,0,1
2015-08-28,0,0,0,0,1,0,0,0,0,0,0,0,0,0,1,0,0,0,0,0,0,1,5,3,8,30,36,28,24,16,118,134,2.391666667,6.75,0.0,57,23.40833333,0,0,1
2015-08-29,0,0,0,0,0,1,0,0,0,0,0,0,0,0,1,0,0,0,0,0,0,1,2,4,18,21,25,45,33,24,124,148,2.215384615,1.076923077,0.0,589,28.41538462,0,1,0
2015-08-30,0,0,0,0,0,0,1,0,0,0,0,0,0,0,1,0,0,0,0,0,0,1,3,1,1,2,19,16,12,5,49,54,1.864285714,2.142857143,0.0,630,29.12857143,0,1,0
2015-08-31,1,0,0,0,0,0,0,0,0,0,0,0,0,0,1,0,0,0,0,0,0,1,1,2,9,0,34,27,29,12,90,102,2.575,1.5,0.0,581,30.56666667,0,0,1
2015-09-01,0,1,0,0,0,0,0,0,0,0,0,0,0,0,0,1,0,0,0,0,0,1,4,3,10,42,29,31,12,17,114,131,4.391666667,7.333333333,10.4,54,19.88333333,0,0,1
2015-09-02,0,0,1,0,0,0,0,0,0,0,0,0,0,0,0,1,0,0,0,0,0,1,4,6,11,31,31,23,17,21,102,123,1.658333333,7.166666667,0.0,236,18.3,0,0,1
2015-09-03,0,0,0,1,0,0,0,0,0,0,0,0,0,0,0,1,0,0,0,0,0,1,0,2,9,27,25,22,27,11,101,112,2.583333333,6.083333333,0.0,222,18.075,0,0,1
2015-09-04,0,0,0,0,1,0,0,0,0,0,0,0,0,0,0,1,0,0,0,0,0,1,3,2,9,26,22,24,18,14,90,104,3.458333333,4.5,0.0,362,16.93333333,0,0,1
2015-09-05,0,0,0,0,0,1,0,0,0,0,0,0,0,0,0,1,0,0,0,0,0,1,5,2,5,38,46,40,25,12,149,161,5.015384615,6.384615385,0.0,238,14.86923077,0,1,0
2015-09-06,0,0,0,0,0,0,1,0,0,0,0,0,0,0,0,1,0,0,0,0,0,1,1,1,4,5,20,27,12,6,64,70,4.328571429,5.642857143,0.0,192,12.71428571,0,1,0
2015-09-07,1,0,0,0,0,0,0,0,0,0,0,0,0,0,0,1,0,0,0,0,0,1,2,4,9,24,19,29,14,15,86,101,3.283333333,7.666666667,0.0,60,13.825,0,0,1
2015-09-08,0,1,0,0,0,0,0,0,0,0,0,0,0,0,0,1,0,0,0,0,0,1,1,4,8,46,27,31,13,13,117,130,2.366666667,5.75,0.0,296,16.81666667,0,0,1
2015-09-09,0,0,1,0,0,0,0,0,0,0,0,0,0,0,0,1,0,0,0,0,0,1,5,5,12,30,39,30,15,22,114,136,2.866666667,2.916666667,0.0,463,17.425,0,0,1
2015-09-10,0,0,0,1,0,0,0,0,0,0,0,0,0,0,0,1,0,0,0,0,0,1,4,4,8,32,31,30,19,16,112,128,3.35,3.75,0.0,320,16.49166667,0,0,1
2015-09-11,0,0,0,0,1,0,0,0,0,0,0,0,0,0,0,1,0,0,0,0,0,1,5,3,10,26,20,33,15,18,94,112,1.808333333,2.666666667,0.0,516,17.73333333,0,0,1
2015-09-12,0,0,0,0,0,1,0,0,0,0,0,0,0,0,0,1,0,0,0,0,0,1,5,7,11,42,36,51,25,23,154,177,2.884615385,6.307692308,0.0,326,23.09230769,0,1,0
2015-09-13,0,0,0,0,0,0,1,0,0,0,0,0,0,0,0,1,0,0,0,0,0,1,1,2,7,28,17,16,13,10,74,84,1.642857143,5.142857143,0.1,167,19.92857143,0,1,0
2015-09-14,1,0,0,0,0,0,0,0,0,0,0,0,0,0,0,1,0,0,0,0,0,1,3,3,6,22,28,35,11,12,96,108,3.666666667,6.416666667,0.1,208,18.45,0,0,1
2015-09-15,0,1,0,0,0,0,0,0,0,0,0,0,0,0,0,1,0,0,0,0,0,1,7,3,8,34,20,30,20,18,104,122,3.1,7.0,0.0,82,17.325,0,0,1
2015-09-16,0,0,1,0,0,0,0,0,0,0,0,0,0,0,0,1,0,0,0,0,0,1,4,6,6,24,28,36,14,16,102,118,2.958333333,7.583333333,0.5,4,17.95833333,0,0,1
2015-09-17,0,0,0,1,0,0,0,0,0,0,0,0,0,0,0,1,0,0,0,0,0,1,3,3,6,34,34,41,18,12,127,139,3.15,4.666666667,3.0,61,14.025,0,0,1
2015-09-18,0,0,0,0,1,0,0,0,0,0,0,0,0,0,0,1,0,0,0,0,0,1,5,7,11,20,23,34,21,23,98,121,1.908333333,4.833333333,6.5,88,15.08333333,0,0,1
2015-09-19,0,0,0,0,0,1,0,0,0,0,0,0,0,0,0,1,0,0,0,0,0,1,5,8,11,35,19,48,23,24,125,149,2.453846154,7.384615385,0.0,88,15.15384615,0,1,0
2015-09-20,0,0,0,0,0,0,1,0,0,0,0,0,0,0,0,1,0,0,0,0,0,1,0,2,5,28,11,31,9,7,79,86,2.835714286,4.571428571,0.0,158,13.91428571,0,1,0
2015-09-21,1,0,0,0,0,0,0,0,0,0,0,0,0,0,0,1,0,0,0,0,0,1,5,8,9,29,18,29,18,22,94,116,2.083333333,1.666666667,0.0,525,16.95833333,0,0,1
2015-09-22,0,1,0,0,0,0,0,0,0,0,0,0,0,0,0,1,0,0,0,0,0,1,3,4,9,24,13,20,20,16,77,93,3.108333333,7.0,1.6,24,14.79166667,0,0,1
2015-09-23,0,0,1,0,0,0,0,0,0,0,0,0,0,0,0,1,0,0,0,0,0,1,2,3,5,21,16,29,17,10,83,93,3.308333333,7.666666667,0.1,19,12.41666667,0,0,1
2015-09-24,0,0,0,1,0,0,0,0,0,0,0,0,0,0,0,1,0,0,0,0,0,1,3,6,8,24,30,30,24,17,108,125,1.825,3.833333333,0.0,325,15.45833333,0,0,1
2015-09-25,0,0,0,0,1,0,0,0,0,0,0,0,0,0,0,1,0,0,0,0,0,1,4,7,4,23,26,43,20,15,112,127,2.125,5.0,0.0,334,15.6,0,0,1
2015-09-26,0,0,0,0,0,1,0,0,0,0,0,0,0,0,0,1,0,0,0,0,0,1,10,8,0,42,21,49,16,18,128,146,3.030769231,7.230769231,0.0,106,15.18461538,0,1,0
2015-09-27,0,0,0,0,0,0,1,0,0,0,0,0,0,0,0,1,0,0,0,0,0,1,2,6,5,15,14,24,16,13,69,82,3.457142857,4.428571429,0.0,284,14.71428571,0,1,0
2015-09-28,1,0,0,0,0,0,0,0,0,0,0,0,0,0,0,1,0,0,0,0,0,1,2,3,8,37,15,22,24,13,98,111,4.158333333,4.333333333,0.0,217,13.81666667,0,0,1
2015-09-29,0,1,0,0,0,0,0,0,0,0,0,0,0,0,0,1,0,0,0,0,0,1,3,3,9,30,18,30,18,15,96,111,6.608333333,3.0,0.0,441,15.05833333,0,0,1
2015-09-30,0,0,1,0,0,0,0,0,0,0,0,0,0,0,0,1,0,0,0,0,0,1,0,4,14,29,29,29,22,18,109,127,5.366666667,0.5,0.0,539,14.375,0,0,1
2015-10-01,0,0,0,1,0,0,0,0,0,0,0,0,0,0,0,0,1,0,0,0,0,1,2,5,7,21,23,25,16,14,85,99,3.191666667,0.416666667,0.0,538,14.725,0,0,1
2015-10-02,0,0,0,0,1,0,0,0,0,0,0,0,0,0,0,0,1,0,0,0,0,1,7,4,12,43,30,28,17,23,118,141,2.341666667,2.916666667,0.0,469,16.88333333,0,0,1
2015-10-03,0,0,0,0,0,1,0,0,0,0,0,0,0,0,0,0,1,0,0,0,0,1,0,4,10,36,40,51,22,14,149,163,1.830769231,3.0,0.0,478,17.36923077,1,1,0
2015-10-04,0,0,0,0,0,0,1,0,0,0,0,0,0,0,0,0,1,0,0,0,0,1,4,4,6,22,13,22,9,14,66,80,1.742857143,5.714285714,6.0,72,12.75,0,1,0
2015-10-05,1,0,0,0,0,0,0,0,0,0,0,0,0,0,0,0,1,0,0,0,0,1,2,7,9,31,24,31,18,18,104,122,2.566666667,7.333333333,0.2,117,16.225,0,0,1
2015-10-06,0,1,0,0,0,0,0,0,0,0,0,0,0,0,0,0,1,0,0,0,0,1,1,1,7,24,29,28,11,9,92,101,2.183333333,7.333333333,1.9,6,16.98333333,0,0,1
2015-10-07,0,0,1,0,0,0,0,0,0,0,0,0,0,0,0,0,1,0,0,0,0,1,7,4,14,31,37,30,39,25,137,162,3.833333333,6.916666667,0.0,129,15.05,0,0,1
2015-10-08,0,0,0,1,0,0,0,0,0,0,0,0,0,0,0,0,1,0,0,0,0,1,3,5,6,37,23,22,20,14,102,116,2.175,6.833333333,0.0,142,13.70833333,0,0,1
2015-10-09,0,0,0,0,1,0,0,0,0,0,0,0,0,0,0,0,1,0,0,0,0,1,5,4,12,35,37,57,16,21,145,166,1.975,7.166666667,0.0,131,14.15833333,0,0,1
2015-10-10,0,0,0,0,0,1,0,0,0,0,0,0,0,0,0,0,1,0,0,0,0,1,3,1,18,61,44,53,33,22,191,213,2.4,7.307692308,0.0,38,11.89230769,0,1,0
2015-10-11,0,0,0,0,0,0,1,0,0,0,0,0,0,0,0,0,1,0,0,0,0,1,3,6,7,38,27,40,25,16,130,146,2.685714286,5.571428571,0.0,226,11.76428571,0,1,0
2015-10-12,1,0,0,0,0,0,0,0,0,0,0,0,0,0,0,0,1,0,0,0,0,1,4,3,4,30,27,34,4,11,95,106,2.508333333,4.666666667,0.0,372,10.5,0,0,1
2015-10-13,0,1,0,0,0,0,0,0,0,0,0,0,0,0,0,0,1,0,0,0,0,1,3,4,9,36,35,35,2,16,108,124,2.166666667,7.833333333,0.0,10,8.733333333,0,0,1
2015-10-14,0,0,1,0,0,0,0,0,0,0,0,0,0,0,0,0,1,0,0,0,0,1,3,6,8,35,19,42,12,17,108,125,2.316666667,7.666666667,0.0,26,4.966666667,0,0,1
2015-10-15,0,0,0,1,0,0,0,0,0,0,0,0,0,0,0,0,1,0,0,0,0,1,3,3,11,29,24,36,20,17,109,126,3.1,7.916666667,0.0,0,4.383333333,0,0,1
2015-10-16,0,0,0,0,1,0,0,0,0,0,0,0,0,0,0,0,1,0,0,0,0,1,3,5,6,55,35,39,21,14,150,164,2.15,8.0,0.2,0,5.658333333,0,0,1
2015-10-17,0,0,0,0,0,1,0,0,0,0,0,0,0,0,0,0,1,0,0,0,0,1,5,7,19,76,58,52,46,31,232,263,1.469230769,7.615384615,0.6,0,6.946153846,0,1,0
2015-10-18,0,0,0,0,0,0,1,0,0,0,0,0,0,0,0,0,1,0,0,0,0,1,0,2,5,15,29,16,21,7,81,88,1.285714286,7.928571429,0.0,0,6.964285714,0,1,0
2015-10-19,1,0,0,0,0,0,0,0,0,0,0,0,0,0,0,0,1,0,0,0,0,1,6,4,10,47,21,31,6,20,105,125,1.283333333,7.25,0.0,100,8.291666667,0,0,1
2015-10-20,0,1,0,0,0,0,0,0,0,0,0,0,0,0,0,0,1,0,0,0,0,1,0,2,2,33,19,22,13,4,87,91,1.6,7.916666667,0.2,0,7.833333333,0,0,1
2015-10-21,0,0,1,0,0,0,0,0,0,0,0,0,0,0,0,0,1,0,0,0,0,1,4,5,6,34,29,26,13,15,102,117,1.4,6.833333333,0.0,117,10.19166667,0,0,1
2015-10-22,0,0,0,1,0,0,0,0,0,0,0,0,0,0,0,0,1,0,0,0,0,1,3,4,11,32,30,45,14,18,121,139,2.125,7.75,0.1,32,11.025,0,0,1
2015-10-23,0,0,0,0,1,0,0,0,0,0,0,0,0,0,0,0,1,0,0,0,0,1,5,7,10,33,56,33,32,22,154,176,1.366666667,7.916666667,0.0,0,11.68333333,0,0,1
2015-10-24,0,0,0,0,0,1,0,0,0,0,0,0,0,0,0,0,1,0,0,0,0,1,1,7,6,50,37,47,39,14,173,187,2.184615385,4.307692308,0.0,306,14.72307692,0,1,0
2015-10-25,0,0,0,0,0,0,1,0,0,0,0,0,0,0,0,0,1,0,0,0,0,1,4,3,10,28,26,27,13,17,94,111,2.178571429,7.214285714,0.0,28,12.39285714,0,1,0
2015-10-26,1,0,0,0,0,0,0,0,0,0,0,0,0,0,0,0,1,0,0,0,0,1,1,2,5,27,19,28,16,8,90,98,3.15,1.333333333,0.0,405,11.03333333,0,0,1
2015-10-27,0,1,0,0,0,0,0,0,0,0,0,0,0,0,0,0,1,0,0,0,0,1,4,4,4,35,27,26,13,12,101,113,2.25,3.666666667,0.0,103,8.258333333,0,0,1
2015-10-28,0,0,1,0,0,0,0,0,0,0,0,0,0,0,0,0,1,0,0,0,0,1,2,3,9,34,28,34,21,14,117,131,1.866666667,4.583333333,0.0,120,9.05,0,0,1
2015-10-29,0,0,0,1,0,0,0,0,0,0,0,0,0,0,0,0,1,0,0,0,0,1,4,4,9,34,16,25,20,17,95,112,1.833333333,7.666666667,0.0,2,11.85,0,0,1
2015-10-30,0,0,0,0,1,0,0,0,0,0,0,0,0,0,0,0,1,0,0,0,0,1,3,6,17,39,21,30,30,26,120,146,3.891666667,8.0,0.0,0,10.39166667,0,0,1
2015-10-31,0,0,0,0,0,1,0,0,0,0,0,0,0,0,0,0,1,0,0,0,0,1,6,2,13,64,51,31,57,21,203,224,2.876923077,3.846153846,0.0,52,8.976923077,0,1,0
2015-11-01,0,0,0,0,0,0,1,0,0,0,0,0,0,0,0,0,0,1,0,0,0,1,3,0,11,50,30,1,21,14,102,116,1.364285714,5.714285714,0.0,136,6.0,1,1,0
2015-11-02,1,0,0,0,0,0,0,0,0,0,0,0,0,0,0,0,0,1,0,0,0,1,2,1,13,26,38,1,28,16,93,109,1.116666667,8.0,0.0,0,4.366666667,0,0,1
2015-11-03,0,1,0,0,0,0,0,0,0,0,0,0,0,0,0,0,0,1,0,0,0,1,2,0,8,47,30,32,32,10,141,151,1.65,8.0,0.0,0,3.466666667,0,0,1
2015-11-04,0,0,1,0,0,0,0,0,0,0,0,0,0,0,0,0,0,1,0,0,0,1,2,1,13,38,31,14,38,16,121,137,1.808333333,2.166666667,0.0,362,14.64166667,0,0,1
2015-11-05,0,0,0,1,0,0,0,0,0,0,0,0,0,0,0,0,0,1,0,0,0,1,1,8,11,47,32,42,24,20,145,165,1.816666667,0.666666667,0.0,405,14.7,0,0,1
2015-11-06,0,0,0,0,1,0,0,0,0,0,0,0,0,0,0,0,0,1,0,0,0,1,3,6,9,50,40,44,32,18,166,184,1.941666667,6.916666667,0.0,44,16.0,0,0,1
2015-11-07,0,0,0,0,0,1,0,0,0,0,0,0,0,0,0,0,0,1,0,0,0,1,0,2,2,45,25,6,20,4,96,100,1.907692308,5.615384615,0.0,46,17.33846154,0,1,0
